# id	class	workdir	flavour	deps	harness	args
percolator:proof_v16_b_settlement_atom_budget_clears_public_scale_gap	S	/Users/khubair/percolator-ops/kani-work/percolator	none	-	proof_v16_b_settlement_atom_budget_clears_public_scale_gap	--tests --features fuzz -Z stubbing
percolator:proof_v16_active_bitmap_set_get_count_is_exact_and_bounds_checked	S	/Users/khubair/percolator-ops/kani-work/percolator	none	-	proof_v16_active_bitmap_set_get_count_is_exact_and_bounds_checked	--tests --features fuzz -Z stubbing
percolator:proof_v16_public_finalize_side_reset_success_is_value_neutral	S	/Users/khubair/percolator-ops/kani-work/percolator	none	-	proof_v16_public_finalize_side_reset_success_is_value_neutral	--tests --features fuzz -Z stubbing
percolator:proof_v16_public_finalize_side_reset_rejects_each_blocker_without_mutation	S	/Users/khubair/percolator-ops/kani-work/percolator	none	-	proof_v16_public_finalize_side_reset_rejects_each_blocker_without_mutation	--tests --features fuzz -Z stubbing
percolator:proof_v16_resolved_receipt_bound_migration_is_exact_or_fails_closed	M	/Users/khubair/percolator-ops/kani-work/percolator	none	-	proof_v16_resolved_receipt_bound_migration_is_exact_or_fails_closed	--tests --features fuzz -Z stubbing
percolator:proof_v16_in_place_account_init_clears_hidden_risk_state_and_validates	S	/Users/khubair/percolator-ops/kani-work/percolator	none	-	proof_v16_in_place_account_init_clears_hidden_risk_state_and_validates	--tests --features fuzz -Z stubbing
percolator:proof_v16_public_materialized_portfolio_register_is_value_neutral	S	/Users/khubair/percolator-ops/kani-work/percolator	none	-	proof_v16_public_materialized_portfolio_register_is_value_neutral	--tests --features fuzz -Z stubbing
percolator:proof_v16_public_materialized_portfolio_deregister_is_value_neutral	S	/Users/khubair/percolator-ops/kani-work/percolator	none	-	proof_v16_public_materialized_portfolio_deregister_is_value_neutral	--tests --features fuzz -Z stubbing
percolator:proof_v16_public_materialized_portfolio_register_rejects_value_state_before_mutation	S	/Users/khubair/percolator-ops/kani-work/percolator	none	-	proof_v16_public_materialized_portfolio_register_rejects_value_state_before_mutation	--tests --features fuzz -Z stubbing
percolator:proof_v16_public_materialized_portfolio_deregister_rejects_value_state_before_mutation	S	/Users/khubair/percolator-ops/kani-work/percolator	none	-	proof_v16_public_materialized_portfolio_deregister_rejects_value_state_before_mutation	--tests --features fuzz -Z stubbing
percolator:proof_v16_public_raw_oracle_target_update_is_value_neutral	S	/Users/khubair/percolator-ops/kani-work/percolator	none	-	proof_v16_public_raw_oracle_target_update_is_value_neutral	--tests --features fuzz -Z stubbing
percolator:proof_v16_raw_oracle_target_change_invalidates_all_prior_certificates	S	/Users/khubair/percolator-ops/kani-work/percolator	none	-	proof_v16_raw_oracle_target_change_invalidates_all_prior_certificates	--tests --features fuzz -Z stubbing
percolator:proof_v16_asset_recovery_transition_freezes_price_and_bumps_once	S	/Users/khubair/percolator-ops/kani-work/percolator	none	-	proof_v16_asset_recovery_transition_freezes_price_and_bumps_once	--tests --features fuzz -Z stubbing
percolator:proof_v16_asset_recovery_transition_is_idempotent_after_recovery	S	/Users/khubair/percolator-ops/kani-work/percolator	none	-	proof_v16_asset_recovery_transition_is_idempotent_after_recovery	--tests --features fuzz -Z stubbing
percolator:proof_v16_loss_stale_trade_scope_allows_only_unrelated_current_assets	S	/Users/khubair/percolator-ops/kani-work/percolator	none	-	proof_v16_loss_stale_trade_scope_allows_only_unrelated_current_assets	--tests --features fuzz -Z stubbing
percolator:proof_v16_sparse_source_domain_insert_roundtrips_occupied_domain	S	/Users/khubair/percolator-ops/kani-work/percolator	none	-	proof_v16_sparse_source_domain_insert_roundtrips_occupied_domain	--tests --features fuzz -Z stubbing
percolator:proof_v16_source_domain_insert_reuses_same_domain_market_id_tag	S	/Users/khubair/percolator-ops/kani-work/percolator	none	-	proof_v16_source_domain_insert_reuses_same_domain_market_id_tag	--tests --features fuzz -Z stubbing
percolator:proof_v16_sparse_source_domain_cap_full_rejects_new_domain	S	/Users/khubair/percolator-ops/kani-work/percolator	none	-	proof_v16_sparse_source_domain_cap_full_rejects_new_domain	--tests --features fuzz -Z stubbing
percolator:proof_v16_sparse_source_domain_validation_rejects_duplicate_occupied_domain	M	/Users/khubair/percolator-ops/kani-work/percolator	none	-	proof_v16_sparse_source_domain_validation_rejects_duplicate_occupied_domain	--tests --features fuzz -Z stubbing
percolator:proof_v16_sparse_source_domain_validation_rejects_unoccupied_tagged_slot	S	/Users/khubair/percolator-ops/kani-work/percolator	none	-	proof_v16_sparse_source_domain_validation_rejects_unoccupied_tagged_slot	--tests --features fuzz -Z stubbing
percolator:proof_v16_sparse_source_domain_validation_accepts_domain_indexed_claim	S	/Users/khubair/percolator-ops/kani-work/percolator	none	-	proof_v16_sparse_source_domain_validation_accepts_domain_indexed_claim	--tests --features fuzz -Z stubbing
percolator:proof_v16_mutable_view_compacts_persisted_source_domain_tail	S	/Users/khubair/percolator-ops/kani-work/percolator	none	-	proof_v16_mutable_view_compacts_persisted_source_domain_tail	--tests --features fuzz -Z stubbing
percolator:proof_v16_view_deposit_preserves_c_tot_vault_capital_sum	M	/Users/khubair/percolator-ops/kani-work/percolator	none	-	proof_v16_view_deposit_preserves_c_tot_vault_capital_sum	--tests --features fuzz -Z stubbing
percolator:proof_v16_public_market_activation_starts_domains_unfunded_and_value_neutral	S	/Users/khubair/percolator-ops/kani-work/percolator	none	-	proof_v16_public_market_activation_starts_domains_unfunded_and_value_neutral	--tests --features fuzz -Z stubbing
percolator:proof_v16_public_market_capacity_growth_is_monotone_and_value_neutral	S	/Users/khubair/percolator-ops/kani-work/percolator	none	-	proof_v16_public_market_capacity_growth_is_monotone_and_value_neutral	--tests --features fuzz -Z stubbing
percolator:proof_v16_public_market_capacity_growth_rejects_invalid_requests_without_mutation	S	/Users/khubair/percolator-ops/kani-work/percolator	none	-	proof_v16_public_market_capacity_growth_rejects_invalid_requests_without_mutation	--tests --features fuzz -Z stubbing
percolator:proof_v16_retired_slot_reactivation_accepts_only_empty_source_credit_amounts	S	/Users/khubair/percolator-ops/kani-work/percolator	none	-	proof_v16_retired_slot_reactivation_accepts_only_empty_source_credit_amounts	--tests --features fuzz -Z stubbing
percolator:proof_v16_restart_empty_asset_core_preserves_budgets_and_assigns_fresh_market	S	/Users/khubair/percolator-ops/kani-work/percolator	none	-	proof_v16_restart_empty_asset_core_preserves_budgets_and_assigns_fresh_market	--tests --features fuzz -Z stubbing
percolator:proof_v16_public_restart_empty_asset_zero_preserves_budgets_and_senior_value	S	/Users/khubair/percolator-ops/kani-work/percolator	none	-	proof_v16_public_restart_empty_asset_zero_preserves_budgets_and_senior_value	--tests --features fuzz -Z stubbing
percolator:proof_v16_public_restart_asset_zero_preserves_only_selected_slot_in_two_slot_view	S	/Users/khubair/percolator-ops/kani-work/percolator	none	-	proof_v16_public_restart_asset_zero_preserves_only_selected_slot_in_two_slot_view	--tests --features fuzz -Z stubbing
percolator:proof_v16_public_restart_nonzero_asset_preserves_only_selected_slot_in_two_slot_view	S	/Users/khubair/percolator-ops/kani-work/percolator	none	-	proof_v16_public_restart_nonzero_asset_preserves_only_selected_slot_in_two_slot_view	--tests --features fuzz -Z stubbing
percolator:proof_v16_public_restart_rejects_spent_domain_before_mutation	S	/Users/khubair/percolator-ops/kani-work/percolator	none	-	proof_v16_public_restart_rejects_spent_domain_before_mutation	--tests --features fuzz -Z stubbing
percolator:proof_v16_public_restart_clears_a_fully_spent_domain	S	/Users/khubair/percolator-ops/kani-work/percolator	none	-	proof_v16_public_restart_clears_a_fully_spent_domain	--tests --features fuzz -Z stubbing
percolator:proof_v16_terminal_spent_domain_cleanup_is_value_neutral_and_remaining_budget_gated	S	/Users/khubair/percolator-ops/kani-work/percolator	none	-	proof_v16_terminal_spent_domain_cleanup_is_value_neutral_and_remaining_budget_gated	--tests --features fuzz -Z stubbing
percolator:proof_v16_public_terminal_restart_normalizes_inert_history_preserves_value	S	/Users/khubair/percolator-ops/kani-work/percolator	none	-	proof_v16_public_terminal_restart_normalizes_inert_history_preserves_value	--tests --features fuzz -Z stubbing
percolator:proof_v16_terminal_restart_cannot_erase_provider_receivable	S	/Users/khubair/percolator-ops/kani-work/percolator	none	-	proof_v16_terminal_restart_cannot_erase_provider_receivable	--tests --features fuzz -Z stubbing
percolator:proof_v16_canonical_retired_asset_slot_preserves_identity_and_clears_local_ledgers	S	/Users/khubair/percolator-ops/kani-work/percolator	none	-	proof_v16_canonical_retired_asset_slot_preserves_identity_and_clears_local_ledgers	--tests --features fuzz -Z stubbing
percolator:proof_v16_dynamic_market_slot_slice_len_matches_runtime_capacity	S	/Users/khubair/percolator-ops/kani-work/percolator	none	-	proof_v16_dynamic_market_slot_slice_len_matches_runtime_capacity	--tests --features fuzz -Z stubbing
percolator:proof_v16_dynamic_market_account_len_roundtrips_capacity_and_offsets	S	/Users/khubair/percolator-ops/kani-work/percolator	none	-	proof_v16_dynamic_market_account_len_roundtrips_capacity_and_offsets	--tests --features fuzz -Z stubbing
percolator:proof_v16_dynamic_market_account_len_fails_closed_on_arithmetic_overflow	S	/Users/khubair/percolator-ops/kani-work/percolator	none	-	proof_v16_dynamic_market_account_len_fails_closed_on_arithmetic_overflow	--tests --features fuzz -Z stubbing
percolator:proof_v16_dynamic_market_extension_slots_must_be_zero_fill	S	/Users/khubair/percolator-ops/kani-work/percolator	none	-	proof_v16_dynamic_market_extension_slots_must_be_zero_fill	--tests --features fuzz -Z stubbing
percolator:proof_v16_insurance_domain_mapping_is_in_bounds_unique_and_roundtrips	S	/Users/khubair/percolator-ops/kani-work/percolator	none	-	proof_v16_insurance_domain_mapping_is_in_bounds_unique_and_roundtrips	--tests --features fuzz -Z stubbing
percolator:proof_v16_view_overwithdraw_rejects	M	/Users/khubair/percolator-ops/kani-work/percolator	none	-	proof_v16_view_overwithdraw_rejects	--tests --features fuzz -Z stubbing
percolator:proof_v16_view_withdraw_reduces_vault_ctot_and_capital_equally	M	/Users/khubair/percolator-ops/kani-work/percolator	none	-	proof_v16_view_withdraw_reduces_vault_ctot_and_capital_equally	--tests --features fuzz -Z stubbing
percolator:proof_v16_nonflat_withdraw_rejects_before_value_exit	S	/Users/khubair/percolator-ops/kani-work/percolator	none	-	proof_v16_nonflat_withdraw_rejects_before_value_exit	--tests --features fuzz -Z stubbing
percolator:proof_v16_withdraw_settles_flat_negative_pnl_before_value_exit	M	/Users/khubair/percolator-ops/kani-work/percolator	none	-	proof_v16_withdraw_settles_flat_negative_pnl_before_value_exit	--tests --features fuzz -Z stubbing
percolator:proof_v16_recovery_mode_blocks_withdraw	S	/Users/khubair/percolator-ops/kani-work/percolator	none	-	proof_v16_recovery_mode_blocks_withdraw	--tests --features fuzz -Z stubbing
percolator:proof_v16_recovery_mode_blocks_fee_sync_and_pnl_conversion_before_mutation	S	/Users/khubair/percolator-ops/kani-work/percolator	none	-	proof_v16_recovery_mode_blocks_fee_sync_and_pnl_conversion_before_mutation	--tests --features fuzz -Z stubbing
percolator:proof_v16_auto_crank_refresh_is_unique_observation_requiring_plan	S	/Users/khubair/percolator-ops/kani-work/percolator	none	-	proof_v16_auto_crank_refresh_is_unique_observation_requiring_plan	--tests --features fuzz -Z stubbing
percolator:proof_v16_auto_crank_source_lien_release_is_total_and_prioritized	S	/Users/khubair/percolator-ops/kani-work/percolator	none	-	proof_v16_auto_crank_source_lien_release_is_total_and_prioritized	--tests --features fuzz -Z stubbing
percolator:proof_v16_auto_crank_pending_close_priority_is_total	S	/Users/khubair/percolator-ops/kani-work/percolator	none	-	proof_v16_auto_crank_pending_close_priority_is_total	--tests --features fuzz -Z stubbing
percolator:proof_v16_public_resolve_market_is_value_neutral_and_clears_loss_stale	S	/Users/khubair/percolator-ops/kani-work/percolator	none	-	proof_v16_public_resolve_market_is_value_neutral_and_clears_loss_stale	--tests --features fuzz -Z stubbing
percolator:proof_v16_open_source_claim_exposure_blocks_convert	S	/Users/khubair/percolator-ops/kani-work/percolator	none	-	proof_v16_open_source_claim_exposure_blocks_convert	--tests --features fuzz -Z stubbing
percolator:proof_v16_historical_bankruptcy_hlock_does_not_override_account_scope	S	/Users/khubair/percolator-ops/kani-work/percolator	none	-	proof_v16_historical_bankruptcy_hlock_does_not_override_account_scope	--tests --features fuzz -Z stubbing
percolator:proof_v16_global_hlock_lane_selects_hmax_only_for_global_stress_or_candidate	S	/Users/khubair/percolator-ops/kani-work/percolator	none	-	proof_v16_global_hlock_lane_selects_hmax_only_for_global_stress_or_candidate	--tests --features fuzz -Z stubbing
percolator:proof_v16_view_trade_position_delta_preserves_oi_symmetry	S	/Users/khubair/percolator-ops/kani-work/percolator	none	-	proof_v16_view_trade_position_delta_preserves_oi_symmetry	--tests --features fuzz -Z stubbing
percolator:proof_v16_signed_trade_request_maps_to_opposite_account_deltas	S	/Users/khubair/percolator-ops/kani-work/percolator	none	-	proof_v16_signed_trade_request_maps_to_opposite_account_deltas	--tests --features fuzz -Z stubbing
percolator:proof_v16_adjust_u128_applies_exact_delta_or_fails_closed	S	/Users/khubair/percolator-ops/kani-work/percolator	none	-	proof_v16_adjust_u128_applies_exact_delta_or_fails_closed	--tests --features fuzz -Z stubbing
percolator:proof_v16_position_delta_risk_classifier_matches_abs_exposure_change	S	/Users/khubair/percolator-ops/kani-work/percolator	none	-	proof_v16_position_delta_risk_classifier_matches_abs_exposure_change	--tests --features fuzz -Z stubbing
percolator:proof_v16_trade_reductions_are_funded_only_by_preexisting_side_oi	S	/Users/khubair/percolator-ops/kani-work/percolator	none	-	proof_v16_trade_reductions_are_funded_only_by_preexisting_side_oi	--tests --features fuzz -Z stubbing
percolator:proof_v16_trade_preflight_risk_gate_blocks_only_unsafe_risk_increase	S	/Users/khubair/percolator-ops/kani-work/percolator	none	-	proof_v16_trade_preflight_risk_gate_blocks_only_unsafe_risk_increase	--tests --features fuzz -Z stubbing
percolator:proof_v16_batch_outcome_accumulator_is_exact_and_overflow_checked	S	/Users/khubair/percolator-ops/kani-work/percolator	none	-	proof_v16_batch_outcome_accumulator_is_exact_and_overflow_checked	--tests --features fuzz -Z stubbing
percolator:proof_v16_wrapper_shape_distinct_asset_batch_projection_preserves_oi_and_outcome	S	/Users/khubair/percolator-ops/kani-work/percolator	none	-	proof_v16_wrapper_shape_distinct_asset_batch_projection_preserves_oi_and_outcome	--tests --features fuzz -Z stubbing
percolator:proof_v16_final_batch_margin_gate_accepts_only_final_certified_im	S	/Users/khubair/percolator-ops/kani-work/percolator	none	-	proof_v16_final_batch_margin_gate_accepts_only_final_certified_im	--tests --features fuzz -Z stubbing
percolator:proof_v16_locked_trade_margin_gate_cannot_use_positive_pnl_credit	S	/Users/khubair/percolator-ops/kani-work/percolator	none	-	proof_v16_locked_trade_margin_gate_cannot_use_positive_pnl_credit	--tests --features fuzz -Z stubbing
percolator:proof_v16_live_market_shape_rejects_long_short_oi_mismatch	S	/Users/khubair/percolator-ops/kani-work/percolator	none	-	proof_v16_live_market_shape_rejects_long_short_oi_mismatch	--tests --features fuzz -Z stubbing
percolator:proof_v16_pending_domain_loss_barrier_detects_touching_position_changes	S	/Users/khubair/percolator-ops/kani-work/percolator	none	-	proof_v16_pending_domain_loss_barrier_detects_touching_position_changes	--tests --features fuzz -Z stubbing
percolator:proof_v16_pending_domain_loss_barrier_allows_only_same_side_reductions	S	/Users/khubair/percolator-ops/kani-work/percolator	none	-	proof_v16_pending_domain_loss_barrier_allows_only_same_side_reductions	--tests --features fuzz -Z stubbing
percolator:proof_v16_liquidation_cannot_leave_uncovered_loss_with_other_open_risk	S	/Users/khubair/percolator-ops/kani-work/percolator	none	-	proof_v16_liquidation_cannot_leave_uncovered_loss_with_other_open_risk	--tests --features fuzz -Z stubbing
percolator:proof_v16_liquidation_fee_rejects_subminimum_partial_chunks	S	/Users/khubair/percolator-ops/kani-work/percolator	none	-	proof_v16_liquidation_fee_rejects_subminimum_partial_chunks	--tests --features fuzz -Z stubbing
percolator:proof_v16_liquidation_selector_is_healthy_locally_minimal_or_full_close	S	/Users/khubair/percolator-ops/kani-work/percolator	none	-	proof_v16_liquidation_selector_is_healthy_locally_minimal_or_full_close	--tests --features fuzz -Z stubbing
percolator:proof_v16_liquidation_fee_allows_subminimum_full_close	S	/Users/khubair/percolator-ops/kani-work/percolator	none	-	proof_v16_liquidation_fee_allows_subminimum_full_close	--tests --features fuzz -Z stubbing
percolator:proof_v16_trade_fee_helper_moves_capital_to_insurance_only	S	/Users/khubair/percolator-ops/kani-work/percolator	none	-	proof_v16_trade_fee_helper_moves_capital_to_insurance_only	--tests --features fuzz -Z stubbing
percolator:proof_v16_trade_fee_helper_does_not_charge_negative_pnl_account	S	/Users/khubair/percolator-ops/kani-work/percolator	none	-	proof_v16_trade_fee_helper_does_not_charge_negative_pnl_account	--tests --features fuzz -Z stubbing
percolator:proof_v16_fee_core_moves_current_capital_to_insurance_only	S	/Users/khubair/percolator-ops/kani-work/percolator	none	-	proof_v16_fee_core_moves_current_capital_to_insurance_only	--tests --features fuzz -Z stubbing
percolator:proof_v16_negative_pnl_settlement_consumes_principal_before_residual	S	/Users/khubair/percolator-ops/kani-work/percolator	none	-	proof_v16_negative_pnl_settlement_consumes_principal_before_residual	--tests --features fuzz -Z stubbing
percolator:proof_v16_backing_domain_fee_split_for_lien_delta_is_exact_and_conservative	S	/Users/khubair/percolator-ops/kani-work/percolator	none	-	proof_v16_backing_domain_fee_split_for_lien_delta_is_exact_and_conservative	--tests --features fuzz -Z stubbing
percolator:proof_v16_backing_utilization_fee_never_charges_negative_pnl_account	S	/Users/khubair/percolator-ops/kani-work/percolator	none	-	proof_v16_backing_utilization_fee_never_charges_negative_pnl_account	--tests --features fuzz -Z stubbing
percolator:proof_v16_backing_utilization_fee_is_capped_by_capital_and_conserves_ctot_to_earnings	S	/Users/khubair/percolator-ops/kani-work/percolator	none	-	proof_v16_backing_utilization_fee_is_capped_by_capital_and_conserves_ctot_to_earnings	--tests --features fuzz -Z stubbing
percolator:proof_v16_backing_utilization_rate_zero_and_invalid_source_branches_are_exact	S	/Users/khubair/percolator-ops/kani-work/percolator	none	-	proof_v16_backing_utilization_rate_zero_and_invalid_source_branches_are_exact	--tests --features fuzz -Z stubbing
percolator:proof_v16_backing_utilization_rate_below_kink_matches_exact_schedule	S	/Users/khubair/percolator-ops/kani-work/percolator	none	-	proof_v16_backing_utilization_rate_below_kink_matches_exact_schedule	--tests --features fuzz -Z stubbing
percolator:proof_v16_backing_utilization_rate_above_kink_matches_exact_schedule	S	/Users/khubair/percolator-ops/kani-work/percolator	none	-	proof_v16_backing_utilization_rate_above_kink_matches_exact_schedule	--tests --features fuzz -Z stubbing
percolator:proof_v16_backing_utilization_fee_quote_atoms_is_exact_floor_and_time_bounded	S	/Users/khubair/percolator-ops/kani-work/percolator	none	-	proof_v16_backing_utilization_fee_quote_atoms_is_exact_floor_and_time_bounded	--tests --features fuzz -Z stubbing
percolator:proof_v16_backing_utilization_collection_first_touch_initializes_cursor_without_value_move	S	/Users/khubair/percolator-ops/kani-work/percolator	none	-	proof_v16_backing_utilization_collection_first_touch_initializes_cursor_without_value_move	--tests --features fuzz -Z stubbing
percolator:proof_v16_backing_utilization_collection_full_charge_conserves_senior_value	S	/Users/khubair/percolator-ops/kani-work/percolator	none	-	proof_v16_backing_utilization_collection_full_charge_conserves_senior_value	--tests --features fuzz -Z stubbing
percolator:proof_v16_backing_utilization_collection_cap_charge_conserves_senior_value	S	/Users/khubair/percolator-ops/kani-work/percolator	none	-	proof_v16_backing_utilization_collection_cap_charge_conserves_senior_value	--tests --features fuzz -Z stubbing
percolator:proof_v16_backing_utilization_collection_negative_pnl_never_draws_capital	S	/Users/khubair/percolator-ops/kani-work/percolator	none	-	proof_v16_backing_utilization_collection_negative_pnl_never_draws_capital	--tests --features fuzz -Z stubbing
percolator:proof_v16_public_account_backing_fee_split_preserves_senior_stock	S	/Users/khubair/percolator-ops/kani-work/percolator	none	-	proof_v16_public_account_backing_fee_split_preserves_senior_stock	--tests --features fuzz -Z stubbing
percolator:proof_v16_backing_provider_earnings_withdraw_cannot_exceed_earnings	S	/Users/khubair/percolator-ops/kani-work/percolator	none	-	proof_v16_backing_provider_earnings_withdraw_cannot_exceed_earnings	--tests --features fuzz -Z stubbing
percolator:proof_v16_public_backing_provider_earnings_withdraw_debits_only_earned_vault	S	/Users/khubair/percolator-ops/kani-work/percolator	none	-	proof_v16_public_backing_provider_earnings_withdraw_debits_only_earned_vault	--tests --features fuzz -Z stubbing
percolator:proof_v16_backing_provider_earnings_credit_requires_vault_slack	S	/Users/khubair/percolator-ops/kani-work/percolator	none	-	proof_v16_backing_provider_earnings_credit_requires_vault_slack	--tests --features fuzz -Z stubbing
percolator:proof_v16_public_backing_provider_earnings_credit_uses_only_vault_slack	S	/Users/khubair/percolator-ops/kani-work/percolator	none	-	proof_v16_public_backing_provider_earnings_credit_uses_only_vault_slack	--tests --features fuzz -Z stubbing
percolator:proof_v16_public_counterparty_backing_deposit_moves_vault_and_scaled_source_state	S	/Users/khubair/percolator-ops/kani-work/percolator	none	-	proof_v16_public_counterparty_backing_deposit_moves_vault_and_scaled_source_state	--tests --features fuzz -Z stubbing
percolator:proof_v16_public_counterparty_backing_deposit_refills_expired_receivable_bucket	S	/Users/khubair/percolator-ops/kani-work/percolator	none	-	proof_v16_public_counterparty_backing_deposit_refills_expired_receivable_bucket	--tests --features fuzz -Z stubbing
percolator:proof_v16_public_counterparty_backing_expiry_is_value_neutral_and_impairs_liened_backing	S	/Users/khubair/percolator-ops/kani-work/percolator	none	-	proof_v16_public_counterparty_backing_expiry_is_value_neutral_and_impairs_liened_backing	--tests --features fuzz -Z stubbing
percolator:proof_v16_public_counterparty_backing_withdraw_debits_vault_and_scaled_source_state	S	/Users/khubair/percolator-ops/kani-work/percolator	none	-	proof_v16_public_counterparty_backing_withdraw_debits_vault_and_scaled_source_state	--tests --features fuzz -Z stubbing
percolator:proof_v16_public_counterparty_backing_withdraw_rejects_underbacking_source_claims	S	/Users/khubair/percolator-ops/kani-work/percolator	none	-	proof_v16_public_counterparty_backing_withdraw_rejects_underbacking_source_claims	--tests --features fuzz -Z stubbing
percolator:proof_v16_counterparty_backing_withdraw_delta_debits_only_unliened_backing	S	/Users/khubair/percolator-ops/kani-work/percolator	none	-	proof_v16_counterparty_backing_withdraw_delta_debits_only_unliened_backing	--tests --features fuzz -Z stubbing
percolator:proof_v16_counterparty_backing_withdraw_delta_status_transitions_are_exact	S	/Users/khubair/percolator-ops/kani-work/percolator	none	-	proof_v16_counterparty_backing_withdraw_delta_status_transitions_are_exact	--tests --features fuzz -Z stubbing
percolator:proof_v16_counterparty_backing_withdraw_cannot_underback_claims	S	/Users/khubair/percolator-ops/kani-work/percolator	none	-	proof_v16_counterparty_backing_withdraw_cannot_underback_claims	--tests --features fuzz -Z stubbing
percolator:proof_v16_health_cert_capital_debit_preserves_im_or_rejects	S	/Users/khubair/percolator-ops/kani-work/percolator	none	-	proof_v16_health_cert_capital_debit_preserves_im_or_rejects	--tests --features fuzz -Z stubbing
percolator:proof_v16_reused_asset_slot_rejects_stale_market_id_leg	M	/Users/khubair/percolator-ops/kani-work/percolator	none	-	proof_v16_reused_asset_slot_rejects_stale_market_id_leg	--tests --features fuzz -Z stubbing
percolator:proof_v16_duplicate_asset_legs_reject_before_double_counting_support	S	/Users/khubair/percolator-ops/kani-work/percolator	none	-	proof_v16_duplicate_asset_legs_reject_before_double_counting_support	--tests --features fuzz -Z stubbing
percolator:proof_v16_mark_asset_drain_only_is_value_neutral_and_epoch_scoped	S	/Users/khubair/percolator-ops/kani-work/percolator	none	-	proof_v16_mark_asset_drain_only_is_value_neutral_and_epoch_scoped	--tests --features fuzz -Z stubbing
percolator:proof_v16_retire_nonempty_asset_rejects	S	/Users/khubair/percolator-ops/kani-work/percolator	none	-	proof_v16_retire_nonempty_asset_rejects	--tests --features fuzz -Z stubbing
percolator:proof_v16_retire_empty_asset_is_value_neutral_and_epoch_scoped	S	/Users/khubair/percolator-ops/kani-work/percolator	none	-	proof_v16_retire_empty_asset_is_value_neutral_and_epoch_scoped	--tests --features fuzz -Z stubbing
percolator:proof_v16_retire_live_provider_receivable_rejects_without_mutation	S	/Users/khubair/percolator-ops/kani-work/percolator	none	-	proof_v16_retire_live_provider_receivable_rejects_without_mutation	--tests --features fuzz -Z stubbing
percolator:proof_v16_positive_pnl_requires_full_source_claim_attribution	S	/Users/khubair/percolator-ops/kani-work/percolator	none	-	proof_v16_positive_pnl_requires_full_source_claim_attribution	--tests --features fuzz -Z stubbing
percolator:proof_v16_source_credit_rate_never_exceeds_available_backing_ratio	S	/Users/khubair/percolator-ops/kani-work/percolator	none	-	proof_v16_source_credit_rate_never_exceeds_available_backing_ratio	--tests --features fuzz -Z stubbing
percolator:proof_v16_available_source_support_excludes_liened_and_encumbered_amounts	S	/Users/khubair/percolator-ops/kani-work/percolator	none	-	proof_v16_available_source_support_excludes_liened_and_encumbered_amounts	--tests --features fuzz -Z stubbing
percolator:proof_v16_positive_kf_delta_creates_source_claim_bound	S	/Users/khubair/percolator-ops/kani-work/percolator	none	-	proof_v16_positive_kf_delta_creates_source_claim_bound	--tests --features fuzz -Z stubbing
percolator:proof_v16_unbacked_loss_burns_positive_face_one_for_one	S	/Users/khubair/percolator-ops/kani-work/percolator	none	-	proof_v16_unbacked_loss_burns_positive_face_one_for_one	--tests --features fuzz -Z stubbing
percolator:proof_v16_unliened_source_support_is_capped_by_realizable_backing	M	/Users/khubair/percolator-ops/kani-work/percolator	none	-	proof_v16_unliened_source_support_is_capped_by_realizable_backing	--tests --features fuzz -Z stubbing
percolator:proof_v16_source_support_rounds_per_domain_before_aggregation	S	/Users/khubair/percolator-ops/kani-work/percolator	none	-	proof_v16_source_support_rounds_per_domain_before_aggregation	--tests --features fuzz -Z stubbing
percolator:proof_v16_cross_account_source_support_sum_capped_by_shared_backing	S	/Users/khubair/percolator-ops/kani-work/percolator	none	-	proof_v16_cross_account_source_support_sum_capped_by_shared_backing	--tests --features fuzz -Z stubbing
percolator:proof_v16_validate_shape_rejects_global_junior_bound_below_domain_claims	S	/Users/khubair/percolator-ops/kani-work/percolator	none	-	proof_v16_validate_shape_rejects_global_junior_bound_below_domain_claims	--tests --features fuzz -Z stubbing
percolator:proof_v16_capital_backed_loss_reservation_is_value_neutral_and_capital_capped	S	/Users/khubair/percolator-ops/kani-work/percolator	none	-	proof_v16_capital_backed_loss_reservation_is_value_neutral_and_capital_capped	--tests --features fuzz -Z stubbing
percolator:proof_v16_resolved_impaired_capital_backed_loss_routes_to_residual	M	/Users/khubair/percolator-ops/kani-work/percolator	none	-	proof_v16_resolved_impaired_capital_backed_loss_routes_to_residual	--tests --features fuzz -Z stubbing
percolator:proof_v16_residual_excludes_senior_backing_provider_earnings	S	/Users/khubair/percolator-ops/kani-work/percolator	none	-	proof_v16_residual_excludes_senior_backing_provider_earnings	--tests --features fuzz -Z stubbing
percolator:proof_v16_resolved_winddown_releases_liened_source_claim	S	/Users/khubair/percolator-ops/kani-work/percolator	none	-	proof_v16_resolved_winddown_releases_liened_source_claim	--tests --features fuzz -Z stubbing
percolator:proof_v16_resolved_winddown_releases_expired_liened_source_claim	S	/Users/khubair/percolator-ops/kani-work/percolator	none	-	proof_v16_resolved_winddown_releases_expired_liened_source_claim	--tests --features fuzz -Z stubbing
percolator:proof_v16_resolved_winddown_releases_impaired_insurance_lien	S	/Users/khubair/percolator-ops/kani-work/percolator	none	-	proof_v16_resolved_winddown_releases_impaired_insurance_lien	--tests --features fuzz -Z stubbing
percolator:proof_v16_insurance_lien_terminal_release_delta_handles_mixed_and_rejects_invalid	S	/Users/khubair/percolator-ops/kani-work/percolator	none	-	proof_v16_insurance_lien_terminal_release_delta_handles_mixed_and_rejects_invalid	--tests --features fuzz -Z stubbing
percolator:proof_v16_residual_reconciles_with_senior_stock	S	/Users/khubair/percolator-ops/kani-work/percolator	none	-	proof_v16_residual_reconciles_with_senior_stock	--tests --features fuzz -Z stubbing
percolator:proof_v16_live_positive_kf_delta_without_source_rejects	S	/Users/khubair/percolator-ops/kani-work/percolator	none	-	proof_v16_live_positive_kf_delta_without_source_rejects	--tests --features fuzz -Z stubbing
percolator:proof_v16_resolved_receipt_payment_cannot_exceed_terminal_claim	S	/Users/khubair/percolator-ops/kani-work/percolator	none	-	proof_v16_resolved_receipt_payment_cannot_exceed_terminal_claim	--tests --features fuzz -Z stubbing
percolator:proof_v16_terminal_source_haircut_retains_junior_face	S	/Users/khubair/percolator-ops/kani-work/percolator	none	-	proof_v16_terminal_source_haircut_retains_junior_face	--tests --features fuzz -Z stubbing
percolator:proof_v16_terminal_source_haircut_reserved_exactly_once	S	/Users/khubair/percolator-ops/kani-work/percolator	none	-	proof_v16_terminal_source_haircut_reserved_exactly_once	--tests --features fuzz -Z stubbing
percolator:proof_v16_resolved_receipt_claimable_is_rate_monotone_and_overpaid_fails_closed	S	/Users/khubair/percolator-ops/kani-work/percolator	none	-	proof_v16_resolved_receipt_claimable_is_rate_monotone_and_overpaid_fails_closed	--tests --features fuzz -Z stubbing
percolator:proof_v16_public_resolved_payout_topup_pays_min_claimable_and_vault	S	/Users/khubair/percolator-ops/kani-work/percolator	none	-	proof_v16_public_resolved_payout_topup_pays_min_claimable_and_vault	--tests --features fuzz -Z stubbing
percolator:proof_v16_resolved_external_payout_requires_exact_capital_plus_claim_sources	S	/Users/khubair/percolator-ops/kani-work/percolator	none	-	proof_v16_resolved_external_payout_requires_exact_capital_plus_claim_sources	--tests --features fuzz -Z stubbing
percolator:proof_v16_two_resolved_receipts_are_order_independent_when_snapshot_funded	S	/Users/khubair/percolator-ops/kani-work/percolator	none	-	proof_v16_two_resolved_receipts_are_order_independent_when_snapshot_funded	--tests --features fuzz -Z stubbing
percolator:proof_v16_public_resolved_close_flat_account_pays_only_capital_and_vault	S	/Users/khubair/percolator-ops/kani-work/percolator	none	-	proof_v16_public_resolved_close_flat_account_pays_only_capital_and_vault	--tests --features fuzz -Z stubbing
percolator:proof_v16_expired_close_progress_declares_recovery_without_value_mutation	S	/Users/khubair/percolator-ops/kani-work/percolator	none	-	proof_v16_expired_close_progress_declares_recovery_without_value_mutation	--tests --features fuzz -Z stubbing
percolator:proof_v16_close_progress_ledger_residual_equation_is_enforced	S	/Users/khubair/percolator-ops/kani-work/percolator	none	-	proof_v16_close_progress_ledger_residual_equation_is_enforced	--tests --features fuzz -Z stubbing
percolator:proof_v16_permissionless_recovery_crank_is_accounting_neutral	S	/Users/khubair/percolator-ops/kani-work/percolator	none	-	proof_v16_permissionless_recovery_crank_is_accounting_neutral	--tests --features fuzz -Z stubbing
percolator:proof_v16_public_permissionless_empty_market_crank_advances_clock_without_value_movement	S	/Users/khubair/percolator-ops/kani-work/percolator	none	-	proof_v16_public_permissionless_empty_market_crank_advances_clock_without_value_movement	--tests --features fuzz -Z stubbing
percolator:proof_v16_equity_active_accrual_requires_protective_progress_before_mutation	S	/Users/khubair/percolator-ops/kani-work/percolator	none	-	proof_v16_equity_active_accrual_requires_protective_progress_before_mutation	--tests --features fuzz -Z stubbing
percolator:proof_v16_equity_active_accrual_with_progress_commits_one_bounded_segment	S	/Users/khubair/percolator-ops/kani-work/percolator	none	-	proof_v16_equity_active_accrual_with_progress_commits_one_bounded_segment	--tests --features fuzz -Z stubbing
percolator:proof_v16_price_move_cap_rejects_before_accrual_mutation	S	/Users/khubair/percolator-ops/kani-work/percolator	none	-	proof_v16_price_move_cap_rejects_before_accrual_mutation	--tests --features fuzz -Z stubbing
percolator:proof_v16_funding_rate_cap_rejects_before_accrual_mutation	S	/Users/khubair/percolator-ops/kani-work/percolator	none	-	proof_v16_funding_rate_cap_rejects_before_accrual_mutation	--tests --features fuzz -Z stubbing
percolator:proof_v16_resolved_residual_booking_without_loss_bearing_side_is_explicit_only	S	/Users/khubair/percolator-ops/kani-work/percolator	none	-	proof_v16_resolved_residual_booking_without_loss_bearing_side_is_explicit_only	--tests --features fuzz -Z stubbing
percolator:proof_v16_live_residual_booking_to_loss_bearing_side_is_bounded_and_exact	S	/Users/khubair/percolator-ops/kani-work/percolator	none	-	proof_v16_live_residual_booking_to_loss_bearing_side_is_bounded_and_exact	--tests --features fuzz -Z stubbing
percolator:proof_v16_bankruptcy_residual_capacity_is_nonzero_and_bounded_with_headroom	S	/Users/khubair/percolator-ops/kani-work/percolator	none	-	proof_v16_bankruptcy_residual_capacity_is_nonzero_and_bounded_with_headroom	--tests --features fuzz -Z stubbing
percolator:proof_v16_liquidation_preflight_accepts_only_fully_durable_residual	S	/Users/khubair/percolator-ops/kani-work/percolator	none	-	proof_v16_liquidation_preflight_accepts_only_fully_durable_residual	--tests --features fuzz -Z stubbing
percolator:proof_v16_liquidation_preflight_routes_insufficient_residual_capacity_to_recovery	S	/Users/khubair/percolator-ops/kani-work/percolator	none	-	proof_v16_liquidation_preflight_routes_insufficient_residual_capacity_to_recovery	--tests --features fuzz -Z stubbing
percolator:proof_v16_view_fee_sync_settles_negative_pnl_before_fee	M	/Users/khubair/percolator-ops/kani-work/percolator	none	-	proof_v16_view_fee_sync_settles_negative_pnl_before_fee	--tests --features fuzz -Z stubbing
percolator:proof_v16_loss_senior_fee_ordering_consumes_kf_loss_before_fee	S	/Users/khubair/percolator-ops/kani-work/percolator	none	-	proof_v16_loss_senior_fee_ordering_consumes_kf_loss_before_fee	--tests --features fuzz -Z stubbing
percolator:proof_v16_view_domain_budget_caps_bankruptcy_insurance_spend	M	/Users/khubair/percolator-ops/kani-work/percolator	none	-	proof_v16_view_domain_budget_caps_bankruptcy_insurance_spend	--tests --features fuzz -Z stubbing
percolator:proof_v16_reserved_domain_insurance_cannot_be_double_spent_by_bankruptcy	S	/Users/khubair/percolator-ops/kani-work/percolator	none	-	proof_v16_reserved_domain_insurance_cannot_be_double_spent_by_bankruptcy	--tests --features fuzz -Z stubbing
percolator:proof_v16_new_unfunded_domain_cannot_consume_shared_insurance	S	/Users/khubair/percolator-ops/kani-work/percolator	none	-	proof_v16_new_unfunded_domain_cannot_consume_shared_insurance	--tests --features fuzz -Z stubbing
percolator:proof_v16_credit_account_from_insurance_uses_only_unbudgeted_surplus	S	/Users/khubair/percolator-ops/kani-work/percolator	none	-	proof_v16_credit_account_from_insurance_uses_only_unbudgeted_surplus	--tests --features fuzz -Z stubbing
percolator:proof_v16_view_positive_funding_charges_long_side	S	/Users/khubair/percolator-ops/kani-work/percolator	none	-	proof_v16_view_positive_funding_charges_long_side	--tests --features fuzz -Z stubbing
percolator:proof_v16_view_negative_funding_pays_long_side	S	/Users/khubair/percolator-ops/kani-work/percolator	none	-	proof_v16_view_negative_funding_pays_long_side	--tests --features fuzz -Z stubbing
percolator:proof_v16_view_initial_margin_source_lien_creation_is_backed	S	/Users/khubair/percolator-ops/kani-work/percolator	none	-	proof_v16_view_initial_margin_source_lien_creation_is_backed	--tests --features fuzz -Z stubbing
percolator:proof_v16_public_counterparty_lien_create_moves_fresh_to_valid_without_value_movement	S	/Users/khubair/percolator-ops/kani-work/percolator	none	-	proof_v16_public_counterparty_lien_create_moves_fresh_to_valid_without_value_movement	--tests --features fuzz -Z stubbing
percolator:proof_v16_counterparty_lien_create_delta_is_expiry_gated_and_exact	S	/Users/khubair/percolator-ops/kani-work/percolator	none	-	proof_v16_counterparty_lien_create_delta_is_expiry_gated_and_exact	--tests --features fuzz -Z stubbing
percolator:proof_v16_public_counterparty_lien_release_restores_unliened_backing_without_value_movement	S	/Users/khubair/percolator-ops/kani-work/percolator	none	-	proof_v16_public_counterparty_lien_release_restores_unliened_backing_without_value_movement	--tests --features fuzz -Z stubbing
percolator:proof_v16_public_counterparty_lien_consume_creates_receivable_without_value_movement	S	/Users/khubair/percolator-ops/kani-work/percolator	none	-	proof_v16_public_counterparty_lien_consume_creates_receivable_without_value_movement	--tests --features fuzz -Z stubbing
percolator:proof_v16_counterparty_lien_consume_delta_is_receivable_exact_and_fail_closed	S	/Users/khubair/percolator-ops/kani-work/percolator	none	-	proof_v16_counterparty_lien_consume_delta_is_receivable_exact_and_fail_closed	--tests --features fuzz -Z stubbing
percolator:proof_v16_public_counterparty_lien_impair_moves_valid_to_impaired_without_value_movement	S	/Users/khubair/percolator-ops/kani-work/percolator	none	-	proof_v16_public_counterparty_lien_impair_moves_valid_to_impaired_without_value_movement	--tests --features fuzz -Z stubbing
percolator:proof_v16_insurance_lien_consume_spends_only_its_domain_budget	S	/Users/khubair/percolator-ops/kani-work/percolator	none	-	proof_v16_insurance_lien_consume_spends_only_its_domain_budget	--tests --features fuzz -Z stubbing
percolator:proof_v16_insurance_lien_consume_delta_is_aligned_and_atom_exact	S	/Users/khubair/percolator-ops/kani-work/percolator	none	-	proof_v16_insurance_lien_consume_delta_is_aligned_and_atom_exact	--tests --features fuzz -Z stubbing
percolator:proof_v16_public_insurance_lien_consume_debits_only_domain_insurance	S	/Users/khubair/percolator-ops/kani-work/percolator	none	-	proof_v16_public_insurance_lien_consume_debits_only_domain_insurance	--tests --features fuzz -Z stubbing
percolator:proof_v16_public_insurance_reserve_rejects_unfunded_domain	S	/Users/khubair/percolator-ops/kani-work/percolator	none	-	proof_v16_public_insurance_reserve_rejects_unfunded_domain	--tests --features fuzz -Z stubbing
percolator:proof_v16_domain_insurance_deposit_updates_o1_remaining_total	S	/Users/khubair/percolator-ops/kani-work/percolator	none	-	proof_v16_domain_insurance_deposit_updates_o1_remaining_total	--tests --features fuzz -Z stubbing
percolator:proof_v16_public_credit_domain_insurance_budget_is_value_neutral_and_backed	S	/Users/khubair/percolator-ops/kani-work/percolator	none	-	proof_v16_public_credit_domain_insurance_budget_is_value_neutral_and_backed	--tests --features fuzz -Z stubbing
percolator:proof_v16_public_bulk_domain_budget_credit_conserves_value_and_exact_deltas	S	/Users/khubair/percolator-ops/kani-work/percolator	none	-	proof_v16_public_bulk_domain_budget_credit_conserves_value_and_exact_deltas	--tests --features fuzz -Z stubbing
percolator:proof_v16_domain_insurance_withdraw_delta_is_budget_scoped_and_value_conserving	S	/Users/khubair/percolator-ops/kani-work/percolator	none	-	proof_v16_domain_insurance_withdraw_delta_is_budget_scoped_and_value_conserving	--tests --features fuzz -Z stubbing
percolator:proof_v16_public_domain_insurance_withdraw_capacity_matches_budget_reserved_and_vault_min	S	/Users/khubair/percolator-ops/kani-work/percolator	none	-	proof_v16_public_domain_insurance_withdraw_capacity_matches_budget_reserved_and_vault_min	--tests --features fuzz -Z stubbing
percolator:proof_v16_public_domain_insurance_withdraw_is_budget_scoped_and_value_conserving	S	/Users/khubair/percolator-ops/kani-work/percolator	none	-	proof_v16_public_domain_insurance_withdraw_is_budget_scoped_and_value_conserving	--tests --features fuzz -Z stubbing
percolator:proof_v16_domain_insurance_spent_delta_cannot_create_unbacked_budget	S	/Users/khubair/percolator-ops/kani-work/percolator	none	-	proof_v16_domain_insurance_spent_delta_cannot_create_unbacked_budget	--tests --features fuzz -Z stubbing
percolator:proof_v16_public_domain_insurance_spent_setter_preserves_budget_total_and_value	S	/Users/khubair/percolator-ops/kani-work/percolator	none	-	proof_v16_public_domain_insurance_spent_setter_preserves_budget_total_and_value	--tests --features fuzz -Z stubbing
percolator:proof_v16_public_domain_insurance_spent_setter_rejects_invalid_without_mutation	S	/Users/khubair/percolator-ops/kani-work/percolator	none	-	proof_v16_public_domain_insurance_spent_setter_rejects_invalid_without_mutation	--tests --features fuzz -Z stubbing
percolator:proof_v16_domain_insurance_budget_delta_cannot_overallocate_pooled_insurance	S	/Users/khubair/percolator-ops/kani-work/percolator	none	-	proof_v16_domain_insurance_budget_delta_cannot_overallocate_pooled_insurance	--tests --features fuzz -Z stubbing
percolator:proof_v16_public_insurance_reserve_encumbers_budget_without_value_movement	S	/Users/khubair/percolator-ops/kani-work/percolator	none	-	proof_v16_public_insurance_reserve_encumbers_budget_without_value_movement	--tests --features fuzz -Z stubbing
percolator:proof_v16_public_insurance_lien_create_moves_reserved_credit_to_valid_lien	S	/Users/khubair/percolator-ops/kani-work/percolator	none	-	proof_v16_public_insurance_lien_create_moves_reserved_credit_to_valid_lien	--tests --features fuzz -Z stubbing
percolator:proof_v16_public_insurance_lien_release_restores_reserved_credit_without_value_movement	S	/Users/khubair/percolator-ops/kani-work/percolator	none	-	proof_v16_public_insurance_lien_release_restores_reserved_credit_without_value_movement	--tests --features fuzz -Z stubbing
percolator:proof_v16_public_insurance_lien_impair_moves_valid_to_impaired_without_value_movement	S	/Users/khubair/percolator-ops/kani-work/percolator	none	-	proof_v16_public_insurance_lien_impair_moves_valid_to_impaired_without_value_movement	--tests --features fuzz -Z stubbing
percolator:proof_v16_insurance_lien_split_consume_spends_exact_reserved_atoms	S	/Users/khubair/percolator-ops/kani-work/percolator	none	-	proof_v16_insurance_lien_split_consume_spends_exact_reserved_atoms	--tests --features fuzz -Z stubbing
percolator:proof_v16_insurance_lien_fractional_consume_rejects	S	/Users/khubair/percolator-ops/kani-work/percolator	none	-	proof_v16_insurance_lien_fractional_consume_rejects	--tests --features fuzz -Z stubbing
percolator:proof_v16_expired_counterparty_backing_bucket_accepts_receivable_refill	S	/Users/khubair/percolator-ops/kani-work/percolator	none	-	proof_v16_expired_counterparty_backing_bucket_accepts_receivable_refill	--tests --features fuzz -Z stubbing
percolator:proof_v16_counterparty_backing_add_delta_refills_or_rejects_by_bucket_state	S	/Users/khubair/percolator-ops/kani-work/percolator	none	-	proof_v16_counterparty_backing_add_delta_refills_or_rejects_by_bucket_state	--tests --features fuzz -Z stubbing
percolator:proof_v16_source_credit_lien_face_and_backing_use_scaled_units	M	/Users/khubair/percolator-ops/kani-work/percolator	none	-	proof_v16_source_credit_lien_face_and_backing_use_scaled_units	--tests --features fuzz -Z stubbing
percolator:proof_v16_source_lien_face_burn_releases_only_required_backing	S	/Users/khubair/percolator-ops/kani-work/percolator	none	-	proof_v16_source_lien_face_burn_releases_only_required_backing	--tests --features fuzz -Z stubbing
percolator:proof_v16_source_lien_face_burn_partition_is_total_disjoint_and_strict_progress	S	/Users/khubair/percolator-ops/kani-work/percolator	none	-	proof_v16_source_lien_face_burn_partition_is_total_disjoint_and_strict_progress	--tests --features fuzz -Z stubbing
percolator:proof_v16_source_claim_burn_partition_is_domain_first_conservative_and_isolated	S	/Users/khubair/percolator-ops/kani-work/percolator	none	-	proof_v16_source_claim_burn_partition_is_domain_first_conservative_and_isolated	--tests --features fuzz -Z stubbing
percolator:proof_v16_source_lien_face_burn_plan_is_total_minimal_and_source_isolated	S	/Users/khubair/percolator-ops/kani-work/percolator	none	-	proof_v16_source_lien_face_burn_plan_is_total_minimal_and_source_isolated	--tests --features fuzz -Z stubbing
percolator:proof_v16_residual_reward_credit_is_capped_by_principal_and_crystallized_loss	S	/Users/khubair/percolator-ops/kani-work/percolator	none	-	proof_v16_residual_reward_credit_is_capped_by_principal_and_crystallized_loss	--tests --features fuzz -Z stubbing
percolator:proof_v16_underbacked_source_credit_cannot_satisfy_im_lien_requirements	S	/Users/khubair/percolator-ops/kani-work/percolator	none	-	proof_v16_underbacked_source_credit_cannot_satisfy_im_lien_requirements	--tests --features fuzz -Z stubbing
percolator:proof_v16_counterparty_credit_consumption_reports_atoms_not_scaled_backing	S	/Users/khubair/percolator-ops/kani-work/percolator	none	-	proof_v16_counterparty_credit_consumption_reports_atoms_not_scaled_backing	--tests --features fuzz -Z stubbing
percolator:proof_v16_counterparty_source_credit_support_does_not_debit_vault_or_insurance	S	/Users/khubair/percolator-ops/kani-work/percolator	none	-	proof_v16_counterparty_source_credit_support_does_not_debit_vault_or_insurance	--tests --features fuzz -Z stubbing
percolator:proof_v16_support_to_account_capital_requires_exact_mixed_source_sum	S	/Users/khubair/percolator-ops/kani-work/percolator	none	-	proof_v16_support_to_account_capital_requires_exact_mixed_source_sum	--tests --features fuzz -Z stubbing
percolator:proof_v16_counterparty_source_credit_support_is_prebacked_by_realized_capital	S	/Users/khubair/percolator-ops/kani-work/percolator	none	-	proof_v16_counterparty_source_credit_support_is_prebacked_by_realized_capital	--tests --features fuzz -Z stubbing
percolator:proof_v16_target_effective_lag_adverse_delta_is_side_specific	S	/Users/khubair/percolator-ops/kani-work/percolator	none	-	proof_v16_target_effective_lag_adverse_delta_is_side_specific	--tests --features fuzz -Z stubbing
percolator:proof_v16_target_effective_lag_penalty_enters_all_health_lanes	S	/Users/khubair/percolator-ops/kani-work/percolator	none	-	proof_v16_target_effective_lag_penalty_enters_all_health_lanes	--tests --features fuzz -Z stubbing
percolator:proof_v16_nontrivial_public_profile_satisfies_symbolic_mm_envelope	S	/Users/khubair/percolator-ops/kani-work/percolator	none	-	proof_v16_nontrivial_public_profile_satisfies_symbolic_mm_envelope	--tests --features fuzz -Z stubbing
percolator:proof_v16_symbolic_conservative_fee_profile_satisfies_mm_envelope_on_small_notionals	S	/Users/khubair/percolator-ops/kani-work/percolator	none	-	proof_v16_symbolic_conservative_fee_profile_satisfies_mm_envelope_on_small_notionals	--tests --features fuzz -Z stubbing
percolator:proof_v16_symbolic_funding_profile_satisfies_mm_envelope_on_small_notionals	S	/Users/khubair/percolator-ops/kani-work/percolator	none	-	proof_v16_symbolic_funding_profile_satisfies_mm_envelope_on_small_notionals	--tests --features fuzz -Z stubbing
percolator:proof_v16_inductive_settle_negative_pnl_preserves_senior_solvency	S	/Users/khubair/percolator-ops/kani-work/percolator	none	-	proof_v16_inductive_settle_negative_pnl_preserves_senior_solvency	--tests --features fuzz -Z stubbing
percolator:proof_v16_inductive_fee_core_preserves_senior_solvency_and_never_debits_insurance	S	/Users/khubair/percolator-ops/kani-work/percolator	none	-	proof_v16_inductive_fee_core_preserves_senior_solvency_and_never_debits_insurance	--tests --features fuzz -Z stubbing
percolator:proof_v16_withdraw_allowed_after_canceled_close	M	/Users/khubair/percolator-ops/kani-work/percolator	none	-	proof_v16_withdraw_allowed_after_canceled_close	--tests --features fuzz -Z stubbing
percolator:proof_v16_insolvent_resolved_receipt_clears_at_terminal_rate	S	/Users/khubair/percolator-ops/kani-work/percolator	none	-	proof_v16_insolvent_resolved_receipt_clears_at_terminal_rate	--tests --features fuzz -Z stubbing
percolator:proof_v16_final_impaired_source_claim_burn_clears_account_occupancy_counters	S	/Users/khubair/percolator-ops/kani-work/percolator	none	-	proof_v16_final_impaired_source_claim_burn_clears_account_occupancy_counters	--tests --features fuzz -Z stubbing
percolator:proof_v16_residual_excludes_recoverable_counterparty_backing_principal	M	/Users/khubair/percolator-ops/kani-work/percolator	none	-	proof_v16_residual_excludes_recoverable_counterparty_backing_principal	--tests --features fuzz -Z stubbing
percolator:proof_v16_terminal_realization_floored_rate_pays_zero_and_moves_nothing	S	/Users/khubair/percolator-ops/kani-work/percolator	none	-	proof_v16_terminal_realization_floored_rate_pays_zero_and_moves_nothing	--tests --features fuzz -Z stubbing
percolator:proof_v16_expired_backing_yields_zero_realizable_support_after_expiry	M	/Users/khubair/percolator-ops/kani-work/percolator	none	-	proof_v16_expired_backing_yields_zero_realizable_support_after_expiry	--tests --features fuzz -Z stubbing
percolator:proof_v16_grant_source_positive_pnl_rejects_non_live	S	/Users/khubair/percolator-ops/kani-work/percolator	none	-	proof_v16_grant_source_positive_pnl_rejects_non_live	--tests --features fuzz -Z stubbing
percolator:proof_v16_credit_account_from_insurance_is_value_neutral_and_pool_isolated	S	/Users/khubair/percolator-ops/kani-work/percolator	none	-	proof_v16_credit_account_from_insurance_is_value_neutral_and_pool_isolated	--tests --features fuzz -Z stubbing
percolator:proof_v16_reset_empty_asset_oracle_anchor_is_value_neutral_and_idle_gated	S	/Users/khubair/percolator-ops/kani-work/percolator	none	-	proof_v16_reset_empty_asset_oracle_anchor_is_value_neutral_and_idle_gated	--tests --features fuzz -Z stubbing
percolator:proof_v16_reset_empty_asset_oracle_anchor_rejects_when_pnl_present	S	/Users/khubair/percolator-ops/kani-work/percolator	none	-	proof_v16_reset_empty_asset_oracle_anchor_rejects_when_pnl_present	--tests --features fuzz -Z stubbing
percolator:proof_v16_public_backing_fee_charges_only_selected_domain	M	/Users/khubair/percolator-ops/kani-work/percolator	none	-	proof_v16_public_backing_fee_charges_only_selected_domain	--tests --features fuzz -Z stubbing
percolator:proof_v16_withdraw_insurance_surplus_never_dips_below_budget_remaining_total	S	/Users/khubair/percolator-ops/kani-work/percolator	none	-	proof_v16_withdraw_insurance_surplus_never_dips_below_budget_remaining_total	--tests --features fuzz -Z stubbing
percolator:proof_v16_withdraw_insurance_surplus_conserves_vault_insurance_lockstep	S	/Users/khubair/percolator-ops/kani-work/percolator	none	-	proof_v16_withdraw_insurance_surplus_conserves_vault_insurance_lockstep	--tests --features fuzz -Z stubbing
percolator:proof_v16_taker_only_never_overcharges_and_maker_pays_only_shortfall	S	/Users/khubair/percolator-ops/kani-work/percolator	none	-	proof_v16_taker_only_never_overcharges_and_maker_pays_only_shortfall	--tests --features fuzz -Z stubbing
percolator:proof_v16_taker_only_conserves_notional_unaffected	M	/Users/khubair/percolator-ops/kani-work/percolator	none	-	proof_v16_taker_only_conserves_notional_unaffected	--tests --features fuzz -Z stubbing
percolator:proof_v16_persisted_risk_gate_is_complete_for_all_lifecycles_and_side_modes	S	/Users/khubair/percolator-ops/kani-work/percolator	none	-	proof_v16_persisted_risk_gate_is_complete_for_all_lifecycles_and_side_modes	--tests --features fuzz -Z stubbing
percolator:proof_v16_margin_requirement_cannot_decrease_when_partitioned_under_division_axiom	S	/Users/khubair/percolator-ops/kani-work/percolator	none	-	proof_v16_margin_requirement_cannot_decrease_when_partitioned_under_division_axiom	--tests --features fuzz -Z stubbing
percolator:proof_v16_mutable_view_canonicalizes_source_domain_order	S	/Users/khubair/percolator-ops/kani-work/percolator	none	-	proof_v16_mutable_view_canonicalizes_source_domain_order	--tests --features fuzz -Z stubbing
percolator:proof_v16_kf_accrual_marks_each_stored_cohort_exactly_once	S	/Users/khubair/percolator-ops/kani-work/percolator	none	-	proof_v16_kf_accrual_marks_each_stored_cohort_exactly_once	--tests --features fuzz -Z stubbing
percolator:proof_v16_kf_settlement_disposes_one_cohort_member_without_underflow	S	/Users/khubair/percolator-ops/kani-work/percolator	none	-	proof_v16_kf_settlement_disposes_one_cohort_member_without_underflow	--tests --features fuzz -Z stubbing
percolator:proof_account_kf_settlement_key_roundtrip_and_priority	S	/Users/khubair/percolator-ops/kani-work/percolator	none	-	proof_account_kf_settlement_key_roundtrip_and_priority	--tests --features fuzz -Z stubbing
percolator:proof_account_kf_settlement_plan_insert_preserves_order_and_multiset	S	/Users/khubair/percolator-ops/kani-work/percolator	none	-	proof_account_kf_settlement_plan_insert_preserves_order_and_multiset	--tests --features fuzz -Z stubbing
percolator:proof_v16_unilateral_close_capacity_is_safe_effective_progress	S	/Users/khubair/percolator-ops/kani-work/percolator	none	-	proof_v16_unilateral_close_capacity_is_safe_effective_progress	--tests --features fuzz -Z stubbing
percolator:proof_v16_adl_position_change_gate_is_route_complete_and_exit_live	S	/Users/khubair/percolator-ops/kani-work/percolator	none	-	proof_v16_adl_position_change_gate_is_route_complete_and_exit_live	--tests --features fuzz -Z stubbing
percolator:proof_v16_adl_scaled_accrual_kernel_matches_every_valid_factor	S	/Users/khubair/percolator-ops/kani-work/percolator	none	-	proof_v16_adl_scaled_accrual_kernel_matches_every_valid_factor	--tests --features fuzz -Z stubbing
percolator:proof_v16_adl_scaled_accrual_is_cross_side_zero_sum_at_every_factor_quantum	S	/Users/khubair/percolator-ops/kani-work/percolator	none	-	proof_v16_adl_scaled_accrual_is_cross_side_zero_sum_at_every_factor_quantum	--tests --features fuzz -Z stubbing
percolator:proof_v16_adl_kf_settlement_is_account_partition_invariant_and_zero_sum	S	/Users/khubair/percolator-ops/kani-work/percolator	none	-	proof_v16_adl_kf_settlement_is_account_partition_invariant_and_zero_sum	--tests --features fuzz -Z stubbing
percolator:proof_v16_kernel_normalize_social_loss_carry_clamped_and_conserved	S	/Users/khubair/percolator-ops/kani-work/percolator	none	-	proof_v16_kernel_normalize_social_loss_carry_clamped_and_conserved	--tests --features fuzz -Z stubbing
percolator:proof_v16_full_drain_reset_then_prior_epoch_clear_is_total_and_exact	S	/Users/khubair/percolator-ops/kani-work/percolator	none	-	proof_v16_full_drain_reset_then_prior_epoch_clear_is_total_and_exact	--tests --features fuzz -Z stubbing
percolator:proof_v16_cert_is_current_matches_the_favorable_action_gate	S	/Users/khubair/percolator-ops/kani-work/percolator	none	-	proof_v16_cert_is_current_matches_the_favorable_action_gate	--tests --features fuzz -Z stubbing
percolator:proof_v16_auto_crank_refresh_target_includes_recovery_reset_obligation	S	/Users/khubair/percolator-ops/kani-work/percolator	none	-	proof_v16_auto_crank_refresh_target_includes_recovery_reset_obligation	--tests --features fuzz -Z stubbing
percolator:proof_v16_auto_crank_b_settlement_pending_is_exact_and_fail_closed	S	/Users/khubair/percolator-ops/kani-work/percolator	none	-	proof_v16_auto_crank_b_settlement_pending_is_exact_and_fail_closed	--tests --features fuzz -Z stubbing
percolator:proof_v16_detached_refresh_leg_skips_post_refresh_accrual	S	/Users/khubair/percolator-ops/kani-work/percolator	none	-	proof_v16_detached_refresh_leg_skips_post_refresh_accrual	--tests --features fuzz -Z stubbing
percolator:proof_v16_recovery_legs_cannot_starve_dispatchable_auto_crank_work	S	/Users/khubair/percolator-ops/kani-work/percolator	none	-	proof_v16_recovery_legs_cannot_starve_dispatchable_auto_crank_work	--tests --features fuzz -Z stubbing
percolator:proof_v16_prior_reset_cleanup_cannot_starve_live_liquidation	S	/Users/khubair/percolator-ops/kani-work/percolator	none	-	proof_v16_prior_reset_cleanup_cannot_starve_live_liquidation	--tests --features fuzz -Z stubbing
percolator:proof_v16_liquidation_error_commits_only_fully_declared_recovery	S	/Users/khubair/percolator-ops/kani-work/percolator	none	-	proof_v16_liquidation_error_commits_only_fully_declared_recovery	--tests --features fuzz -Z stubbing
percolator:proof_v16_resolved_pnl_after_booking_only_shrinks_the_loss	S	/Users/khubair/percolator-ops/kani-work/percolator	none	-	proof_v16_resolved_pnl_after_booking_only_shrinks_the_loss	--tests --features fuzz -Z stubbing
percolator:proof_v16_released_flat_pending_obligation_is_publicly_actionable	S	/Users/khubair/percolator-ops/kani-work/percolator	none	-	proof_v16_released_flat_pending_obligation_is_publicly_actionable	--tests --features fuzz -Z stubbing
percolator:proof_v16_released_flat_pending_obligation_detach_is_value_neutral_progress	S	/Users/khubair/percolator-ops/kani-work/percolator	none	-	proof_v16_released_flat_pending_obligation_detach_is_value_neutral_progress	--tests --features fuzz -Z stubbing
percolator:proof_v16_canonical_accrual_path_is_partition_invariant	S	/Users/khubair/percolator-ops/kani-work/percolator	none	-	proof_v16_canonical_accrual_path_is_partition_invariant	--tests --features fuzz -Z stubbing
percolator:proof_v16_resolved_foreign_expiry_lien_impairment_is_exact_relabel	S	/Users/khubair/percolator-ops/kani-work/percolator	none	-	proof_v16_resolved_foreign_expiry_lien_impairment_is_exact_relabel	--tests --features fuzz -Z stubbing
percolator:proof_v16_backing_utilization_rent_stops_at_bucket_expiry	S	/Users/khubair/percolator-ops/kani-work/percolator	none	-	proof_v16_backing_utilization_rent_stops_at_bucket_expiry	--tests --features fuzz -Z stubbing
percolator:proof_v16_resolved_foreign_expiry_retires_exact_provider_label_only	S	/Users/khubair/percolator-ops/kani-work/percolator	none	-	proof_v16_resolved_foreign_expiry_retires_exact_provider_label_only	--tests --features fuzz -Z stubbing
percolator:proof_v16_resolved_foreign_expiry_provider_retirement_acceptance_is_exact	S	/Users/khubair/percolator-ops/kani-work/percolator	none	-	proof_v16_resolved_foreign_expiry_provider_retirement_acceptance_is_exact	--tests --features fuzz -Z stubbing
percolator:proof_v16_source_lien_fee_proration_tracks_remaining_backing	S	/Users/khubair/percolator-ops/kani-work/percolator	none	-	proof_v16_source_lien_fee_proration_tracks_remaining_backing	--tests --features fuzz -Z stubbing
percolator:proof_v16_counterparty_backing_expiry_reclassifies_principal_and_impairs_lien	S	/Users/khubair/percolator-ops/kani-work/percolator	none	-	proof_v16_counterparty_backing_expiry_reclassifies_principal_and_impairs_lien	--tests --features fuzz -Z stubbing
percolator:proof_v16_live_source_backing_expiry_is_bounded_complete_and_isolated	S	/Users/khubair/percolator-ops/kani-work/percolator	none	-	proof_v16_live_source_backing_expiry_is_bounded_complete_and_isolated	--tests --features fuzz -Z stubbing
percolator:proof_v16_lapsed_source_backing_scan_uses_full_width_authenticated_slot	S	/Users/khubair/percolator-ops/kani-work/percolator	none	-	proof_v16_lapsed_source_backing_scan_uses_full_width_authenticated_slot	--tests --features fuzz -Z stubbing
percolator:proof_v16_lapsed_source_backing_forces_live_refresh_even_with_current_cert	S	/Users/khubair/percolator-ops/kani-work/percolator	none	-	proof_v16_lapsed_source_backing_forces_live_refresh_even_with_current_cert	--tests --features fuzz -Z stubbing
percolator:proof_v16_lapsed_source_backing_preempts_flat_lien_normalization	S	/Users/khubair/percolator-ops/kani-work/percolator	none	-	proof_v16_lapsed_source_backing_preempts_flat_lien_normalization	--tests --features fuzz -Z stubbing
percolator:proof_v16_flat_source_lien_normalization_is_total_and_fail_closed	S	/Users/khubair/percolator-ops/kani-work/percolator	none	-	proof_v16_flat_source_lien_normalization_is_total_and_fail_closed	--tests --features fuzz -Z stubbing
percolator:proof_v16_trade_margin_gate_is_skipped_only_for_strict_risk_reduction	S	/Users/khubair/percolator-ops/kani-work/percolator	none	-	proof_v16_trade_margin_gate_is_skipped_only_for_strict_risk_reduction	--tests --features fuzz -Z stubbing
percolator:proof_v16_post_snapshot_backing_expiry_credits_junior_pool	S	/Users/khubair/percolator-ops/kani-work/percolator	none	-	proof_v16_post_snapshot_backing_expiry_credits_junior_pool	--tests --features fuzz -Z stubbing
percolator:proof_v16_retire_normalizes_unreferenced_lapsed_backing	S	/Users/khubair/percolator-ops/kani-work/percolator	none	-	proof_v16_retire_normalizes_unreferenced_lapsed_backing	--tests --features fuzz -Z stubbing
percolator:proof_v16_retirement_backing_normalization_never_erases_obligations	S	/Users/khubair/percolator-ops/kani-work/percolator	none	-	proof_v16_retirement_backing_normalization_never_erases_obligations	--tests --features fuzz -Z stubbing
percolator:proof_v16_resolved_clock_advance_is_exact_and_monotonic	S	/Users/khubair/percolator-ops/kani-work/percolator	none	-	proof_v16_resolved_clock_advance_is_exact_and_monotonic	--tests --features fuzz -Z stubbing
percolator:proof_v16_backing_expiry_kernel_rejects_every_ineligible_bucket	S	/Users/khubair/percolator-ops/kani-work/percolator	none	-	proof_v16_backing_expiry_kernel_rejects_every_ineligible_bucket	--tests --features fuzz -Z stubbing
percolator:proof_v16_fully_backed_expiry_yields_zero_realizable_support	S	/Users/khubair/percolator-ops/kani-work/percolator	none	-	proof_v16_fully_backed_expiry_yields_zero_realizable_support	--tests --features fuzz -Z stubbing
percolator:proof_v16_public_backing_expiry_replay_is_inert	S	/Users/khubair/percolator-ops/kani-work/percolator	none	-	proof_v16_public_backing_expiry_replay_is_inert	--tests --features fuzz -Z stubbing
percolator:proof_v16_public_post_snapshot_expiry_improves_haircut_and_frames_receipts	S	/Users/khubair/percolator-ops/kani-work/percolator	none	-	proof_v16_public_post_snapshot_expiry_improves_haircut_and_frames_receipts	--tests --features fuzz -Z stubbing
percolator:proof_v16_public_post_snapshot_expiry_restores_full_rate	S	/Users/khubair/percolator-ops/kani-work/percolator	none	-	proof_v16_public_post_snapshot_expiry_restores_full_rate	--tests --features fuzz -Z stubbing
percolator:proof_v16_nonzero_trade_charges_positive_fee_per_side	S	/Users/khubair/percolator-ops/kani-work/percolator	none	-	proof_v16_nonzero_trade_charges_positive_fee_per_side	--tests --features fuzz -Z stubbing
percolator:proof_v16_backing_utilization_zero_fee_carries_accrual_forward	S	/Users/khubair/percolator-ops/kani-work/percolator	none	-	proof_v16_backing_utilization_zero_fee_carries_accrual_forward	--tests --features fuzz -Z stubbing
percolator:proof_v16_unattributed_loss_lock_is_exact_and_sticky_until_repaid	S	/Users/khubair/percolator-ops/kani-work/percolator	none	-	proof_v16_unattributed_loss_lock_is_exact_and_sticky_until_repaid	--tests --features fuzz -Z stubbing
percolator:proof_v16_terminal_unbudgeted_insurance_retirement_is_exact_and_claim_safe	S	/Users/khubair/percolator-ops/kani-work/percolator	none	-	proof_v16_terminal_unbudgeted_insurance_retirement_is_exact_and_claim_safe	--tests --features fuzz -Z stubbing
percolator:proof_v16_terminal_retirement_fails_closed_on_protocol_fee_reserve	S	/Users/khubair/percolator-ops/kani-work/percolator	none	-	proof_v16_terminal_retirement_fails_closed_on_protocol_fee_reserve	--tests --features fuzz -Z stubbing
percolator:proof_v16_public_terminal_insurance_retirement_is_exact_and_fully_framed	S	/Users/khubair/percolator-ops/kani-work/percolator	none	-	proof_v16_public_terminal_insurance_retirement_is_exact_and_fully_framed	--tests --features fuzz -Z stubbing
percolator:proof_v16_public_terminal_insurance_retirement_rejects_account_capital	S	/Users/khubair/percolator-ops/kani-work/percolator	none	-	proof_v16_public_terminal_insurance_retirement_rejects_account_capital	--tests --features fuzz -Z stubbing
percolator:proof_v16_public_terminal_insurance_retirement_rejects_positive_source_claim	S	/Users/khubair/percolator-ops/kani-work/percolator	none	-	proof_v16_public_terminal_insurance_retirement_rejects_positive_source_claim	--tests --features fuzz -Z stubbing
percolator:proof_v16_public_terminal_insurance_retirement_rejects_provider_earnings	S	/Users/khubair/percolator-ops/kani-work/percolator	none	-	proof_v16_public_terminal_insurance_retirement_rejects_provider_earnings	--tests --features fuzz -Z stubbing
percolator:proof_v16_public_terminal_insurance_retirement_rejects_backing_principal	S	/Users/khubair/percolator-ops/kani-work/percolator	none	-	proof_v16_public_terminal_insurance_retirement_rejects_backing_principal	--tests --features fuzz -Z stubbing
percolator:proof_v16_public_terminal_insurance_retirement_rejects_every_live_reservation_class	S	/Users/khubair/percolator-ops/kani-work/percolator	none	-	proof_v16_public_terminal_insurance_retirement_rejects_every_live_reservation_class	--tests --features fuzz -Z stubbing
percolator:proof_v16_public_terminal_insurance_retirement_requires_resolved_ready_accounts	S	/Users/khubair/percolator-ops/kani-work/percolator	none	-	proof_v16_public_terminal_insurance_retirement_requires_resolved_ready_accounts	--tests --features fuzz -Z stubbing
percolator:proof_v16_terminal_claim_free_overlap_recredit_is_exactly_bounded	S	/Users/khubair/percolator-ops/kani-work/percolator	none	-	proof_v16_terminal_claim_free_overlap_recredit_is_exactly_bounded	--tests --features fuzz -Z stubbing
percolator:proof_v16_terminal_slab_asset_step_is_total_and_priority_ordered	S	/Users/khubair/percolator-ops/kani-work/percolator	none	-	proof_v16_terminal_slab_asset_step_is_total_and_priority_ordered	--tests --features fuzz -Z stubbing
percolator:proof_v16_terminal_slab_wait_is_error_or_strict_cursor_progress	S	/Users/khubair/percolator-ops/kani-work/percolator	none	-	proof_v16_terminal_slab_wait_is_error_or_strict_cursor_progress	--tests --features fuzz -Z stubbing
percolator:proof_v16_terminal_claim_free_overlap_recredit_updates_only_paired_insurance_domain	S	/Users/khubair/percolator-ops/kani-work/percolator	none	-	proof_v16_terminal_claim_free_overlap_recredit_updates_only_paired_insurance_domain	--tests --features fuzz -Z stubbing
percolator:proof_v16_kernel_advance_close_ledger_rank_witness	S	/Users/khubair/percolator-ops/kani-work/percolator	none	-	proof_v16_kernel_advance_close_ledger_rank_witness	--tests --features fuzz -Z stubbing
percolator:proof_v16_kernel_settle_close_ledger_principal_noop_arms_are_byte_identical	S	/Users/khubair/percolator-ops/kani-work/percolator	none	-	proof_v16_kernel_settle_close_ledger_principal_noop_arms_are_byte_identical	--tests --features fuzz -Z stubbing
percolator:proof_v16_kernel_settle_close_ledger_principal_rank_witness	S	/Users/khubair/percolator-ops/kani-work/percolator	none	-	proof_v16_kernel_settle_close_ledger_principal_rank_witness	--tests --features fuzz -Z stubbing
percolator:proof_v16_kernel_settle_close_ledger_principal_preserves_the_ledger_validator	S	/Users/khubair/percolator-ops/kani-work/percolator	none	-	proof_v16_kernel_settle_close_ledger_principal_preserves_the_ledger_validator	--tests --features fuzz -Z stubbing
percolator:proof_v16_kernel_advance_leg_b_snap_rank_witness	S	/Users/khubair/percolator-ops/kani-work/percolator	none	-	proof_v16_kernel_advance_leg_b_snap_rank_witness	--tests --features fuzz -Z stubbing
percolator:proof_v16_kernel_initial_margin_gate_exact_decision	S	/Users/khubair/percolator-ops/kani-work/percolator	none	-	proof_v16_kernel_initial_margin_gate_exact_decision	--tests --features fuzz -Z stubbing
percolator:proof_v16_kernel_locked_margin_gate_no_positive_credit	S	/Users/khubair/percolator-ops/kani-work/percolator	none	-	proof_v16_kernel_locked_margin_gate_no_positive_credit	--tests --features fuzz -Z stubbing
percolator:proof_v16_kernel_accumulate_batch_trade_exact_fold	S	/Users/khubair/percolator-ops/kani-work/percolator	none	-	proof_v16_kernel_accumulate_batch_trade_exact_fold	--tests --features fuzz -Z stubbing
percolator:proof_v16_kernel_settle_principal_exact_paid_and_conservation	S	/Users/khubair/percolator-ops/kani-work/percolator	none	-	proof_v16_kernel_settle_principal_exact_paid_and_conservation	--tests --features fuzz -Z stubbing
percolator:proof_v16_forfeit_dead_leg_classifier_is_exact_with_drainonly_wind_down	S	/Users/khubair/percolator-ops/kani-work/percolator	none	-	proof_v16_forfeit_dead_leg_classifier_is_exact_with_drainonly_wind_down	--tests --features fuzz -Z stubbing
percolator:closure_expired_counterparty_lien_cannot_remain_favorable_account_credit	S	/Users/khubair/percolator-ops/kani-work/percolator	none	-	closure_expired_counterparty_lien_cannot_remain_favorable_account_credit	--tests --features fuzz -Z stubbing
percolator:proof_v17_max_price_move_bps_per_slot_upper_bound	S	/Users/khubair/percolator-ops/kani-work/percolator	none	-	proof_v17_max_price_move_bps_per_slot_upper_bound	--tests --features fuzz -Z stubbing
percolator:proof_v17_max_price_move_bps_per_slot_boundary_accepted	S	/Users/khubair/percolator-ops/kani-work/percolator	none	-	proof_v17_max_price_move_bps_per_slot_boundary_accepted	--tests --features fuzz -Z stubbing
percolator:proof_v17_lp_vault_drain_epoch_freshness	S	/Users/khubair/percolator-ops/kani-work/percolator	none	-	proof_v17_lp_vault_drain_epoch_freshness	--tests --features fuzz -Z stubbing
percolator:proof_v17_lp_vault_cooldown_enforcement	S	/Users/khubair/percolator-ops/kani-work/percolator	none	-	proof_v17_lp_vault_cooldown_enforcement	--tests --features fuzz -Z stubbing
percolator:proof_v17_stress_envelope_writer_monotonic	S	/Users/khubair/percolator-ops/kani-work/percolator	none	-	proof_v17_stress_envelope_writer_monotonic	--tests --features fuzz -Z stubbing
percolator:proof_v17_stress_envelope_activation_threshold	S	/Users/khubair/percolator-ops/kani-work/percolator	none	-	proof_v17_stress_envelope_activation_threshold	--tests --features fuzz -Z stubbing
percolator:proof_v17_stress_envelope_clear_resets_fields	S	/Users/khubair/percolator-ops/kani-work/percolator	none	-	proof_v17_stress_envelope_clear_resets_fields	--tests --features fuzz -Z stubbing
percolator:proof_v17_stress_envelope_epoch_reset	S	/Users/khubair/percolator-ops/kani-work/percolator	none	-	proof_v17_stress_envelope_epoch_reset	--tests --features fuzz -Z stubbing
percolator:proof_v17_stress_envelope_validate_shape_pairing	S	/Users/khubair/percolator-ops/kani-work/percolator	none	-	proof_v17_stress_envelope_validate_shape_pairing	--tests --features fuzz -Z stubbing
percolator:proof_v17_apply_fee_policy_update_validates_bounds	S	/Users/khubair/percolator-ops/kani-work/percolator	none	-	proof_v17_apply_fee_policy_update_validates_bounds	--tests --features fuzz -Z stubbing
percolator:proof_v17_apply_fee_policy_update_persists	S	/Users/khubair/percolator-ops/kani-work/percolator	none	-	proof_v17_apply_fee_policy_update_persists	--tests --features fuzz -Z stubbing
percolator:proof_v17_fee_policy_update_no_other_field_mutation	S	/Users/khubair/percolator-ops/kani-work/percolator	none	-	proof_v17_fee_policy_update_no_other_field_mutation	--tests --features fuzz -Z stubbing
percolator:proof_v17_a9_validate_public_user_fund_direct	S	/Users/khubair/percolator-ops/kani-work/percolator	none	-	proof_v17_a9_validate_public_user_fund_direct	--tests --features fuzz -Z stubbing
percolator:proof_v17_admit_threshold_lifts_hmax_when_acc_reaches_threshold	S	/Users/khubair/percolator-ops/kani-work/percolator	none	-	proof_v17_admit_threshold_lifts_hmax_when_acc_reaches_threshold	--tests --features fuzz -Z stubbing
percolator:proof_v17_admit_threshold_none_preserves_hmin_on_clean_market	S	/Users/khubair/percolator-ops/kani-work/percolator	none	-	proof_v17_admit_threshold_none_preserves_hmin_on_clean_market	--tests --features fuzz -Z stubbing
percolator:proof_v17_admit_threshold_zero_always_lifts_hmax	S	/Users/khubair/percolator-ops/kani-work/percolator	none	-	proof_v17_admit_threshold_zero_always_lifts_hmax	--tests --features fuzz -Z stubbing
percolator:proof_v17_fork_facade_maint_vs_init_equity_lane_separation	S	/Users/khubair/percolator-ops/kani-work/percolator	none	-	proof_v17_fork_facade_maint_vs_init_equity_lane_separation	--tests --features fuzz -Z stubbing
percolator:proof_v17_fork_facade_trade_open_equity_matches_init_at_identity_override	S	/Users/khubair/percolator-ops/kani-work/percolator	none	-	proof_v17_fork_facade_trade_open_equity_matches_init_at_identity_override	--tests --features fuzz -Z stubbing
percolator:proof_v17_dual_path_h_lock_lane_none_equiv_toly_baseline	S	/Users/khubair/percolator-ops/kani-work/percolator	none	-	proof_v17_dual_path_h_lock_lane_none_equiv_toly_baseline	--tests --features fuzz -Z stubbing
percolator:proof_v17_stress_envelope_does_not_mutate_solvency_fields	S	/Users/khubair/percolator-ops/kani-work/percolator	none	-	proof_v17_stress_envelope_does_not_mutate_solvency_fields	--tests --features fuzz -Z stubbing
percolator:proof_v17_header_abi_a6_fields_within_struct_and_slots_after_header	S	/Users/khubair/percolator-ops/kani-work/percolator	none	-	proof_v17_header_abi_a6_fields_within_struct_and_slots_after_header	--tests --features fuzz -Z stubbing
percolator:proof_v17_lp_vault_deposit_redeem_no_profit	S	/Users/khubair/percolator-ops/kani-work/percolator	none	-	proof_v17_lp_vault_deposit_redeem_no_profit	--tests --features fuzz -Z stubbing
percolator:proof_v17_wide_mul_div_floor_stub_correct	M	/Users/khubair/percolator-ops/kani-work/percolator	none	-	proof_v17_wide_mul_div_floor_stub_correct	--tests --features fuzz -Z stubbing
percolator:proof_v17_lp_vault_fee_split_conservation	S	/Users/khubair/percolator-ops/kani-work/percolator	none	-	proof_v17_lp_vault_fee_split_conservation	--tests --features fuzz -Z stubbing
percolator:proof_v17_lp_vault_shares_round_down_no_over_issue	S	/Users/khubair/percolator-ops/kani-work/percolator	none	-	proof_v17_lp_vault_shares_round_down_no_over_issue	--tests --features fuzz -Z stubbing
percolator:proof_v17_lp_vault_nav_atoms_sound	S	/Users/khubair/percolator-ops/kani-work/percolator	none	-	proof_v17_lp_vault_nav_atoms_sound	--tests --features fuzz -Z stubbing
percolator:proof_v17_lp_vault_redemption_round_down	S	/Users/khubair/percolator-ops/kani-work/percolator	none	-	proof_v17_lp_vault_redemption_round_down	--tests --features fuzz -Z stubbing
percolator:proof_v17_lp_non_drift_production_inequality_gate_sound	S	/Users/khubair/percolator-ops/kani-work/percolator	none	-	proof_v17_lp_non_drift_production_inequality_gate_sound	--tests --features fuzz -Z stubbing
percolator:proof_v17_lpvault359_stub_credit_delta_exact_and_guarded	S	/Users/khubair/percolator-ops/kani-work/percolator	none	-	proof_v17_lpvault359_stub_credit_delta_exact_and_guarded	--tests --features fuzz -Z stubbing
percolator:proof_v17_lien1_counterparty_terminal_release_impaired_aware	S	/Users/khubair/percolator-ops/kani-work/percolator	none	-	proof_v17_lien1_counterparty_terminal_release_impaired_aware	--tests --features fuzz -Z stubbing
percolator:proof_v16_adl_effective_quantity_inverse_preserves_reachable_target	S	/Users/khubair/percolator-ops/kani-work/percolator	none	-	proof_v16_adl_effective_quantity_inverse_preserves_reachable_target	--tests --features fuzz -Z stubbing
percolator:proof_v16_floor_div_signed_conservative_matches_small_reference	S	/Users/khubair/percolator-ops/kani-work/percolator	none	-	proof_v16_floor_div_signed_conservative_matches_small_reference	--tests --features fuzz -Z stubbing
percolator:proof_v16_mul_div_floor_u256_matches_small_reference	S	/Users/khubair/percolator-ops/kani-work/percolator	none	-	proof_v16_mul_div_floor_u256_matches_small_reference	--tests --features fuzz -Z stubbing
percolator:proof_v16_mul_div_ceil_u256_is_floor_plus_remainder_indicator	S	/Users/khubair/percolator-ops/kani-work/percolator	none	-	proof_v16_mul_div_ceil_u256_is_floor_plus_remainder_indicator	--tests --features fuzz -Z stubbing
percolator:proof_v16_ceil_div_positive_checked_matches_small_reference	S	/Users/khubair/percolator-ops/kani-work/percolator	none	-	proof_v16_ceil_div_positive_checked_matches_small_reference	--tests --features fuzz -Z stubbing
percolator:proof_v16_wide_signed_mul_div_floor_matches_small_reference	S	/Users/khubair/percolator-ops/kani-work/percolator	none	-	proof_v16_wide_signed_mul_div_floor_matches_small_reference	--tests --features fuzz -Z stubbing
percolator:proof_v16_k_pair_mul_div_floor_matches_small_reference	S	/Users/khubair/percolator-ops/kani-work/percolator	none	-	proof_v16_k_pair_mul_div_floor_matches_small_reference	--tests --features fuzz -Z stubbing
percolator:proof_v16_k_pair_zero_cases_return_zero	S	/Users/khubair/percolator-ops/kani-work/percolator	none	-	proof_v16_k_pair_zero_cases_return_zero	--tests --features fuzz -Z stubbing
percolator:proof_v16_checked_trade_fee_is_ceil_bps_and_never_exceeds_notional	S	/Users/khubair/percolator-ops/kani-work/percolator	none	-	proof_v16_checked_trade_fee_is_ceil_bps_and_never_exceeds_notional	--tests --features fuzz -Z stubbing
percolator:proof_v16_scaled_adl_delta_fast_matches_aligned_reference_and_fails_closed	S	/Users/khubair/percolator-ops/kani-work/percolator	none	-	proof_v16_scaled_adl_delta_fast_matches_aligned_reference_and_fails_closed	--tests --features fuzz -Z stubbing
percolator:proof_v16_risk_notional_ceil_unaligned_ceil_is_correct	S	/Users/khubair/percolator-ops/kani-work/percolator	none	-	proof_v16_risk_notional_ceil_unaligned_ceil_is_correct	--tests --features fuzz -Z stubbing
percolator:proof_v16_trade_fee_notional_ceil_strictly_exceeds_floor_when_unaligned	S	/Users/khubair/percolator-ops/kani-work/percolator	none	-	proof_v16_trade_fee_notional_ceil_strictly_exceeds_floor_when_unaligned	--tests --features fuzz -Z stubbing
percolator:proof_asymmetric_a_accrual_formula_matches_spec_53	S	/Users/khubair/percolator-ops/kani-work/percolator	none	-	proof_asymmetric_a_accrual_formula_matches_spec_53	--tests --features fuzz -Z stubbing
percolator:proof_asymmetric_a_matched_legs_cancellation_identity	S	/Users/khubair/percolator-ops/kani-work/percolator	none	-	proof_asymmetric_a_matched_legs_cancellation_identity	--tests --features fuzz -Z stubbing
percolator:proof_v21_drift_track_then_mark_keeps_laggards_inside_the_cohort	S	/Users/khubair/percolator-ops/kani-work/percolator	none	-	proof_v21_drift_track_then_mark_keeps_laggards_inside_the_cohort	--tests --features fuzz -Z stubbing
percolator:proof_v21_settlement_discharges_laggard_with_its_cohort_member	S	/Users/khubair/percolator-ops/kani-work/percolator	none	-	proof_v21_settlement_discharges_laggard_with_its_cohort_member	--tests --features fuzz -Z stubbing
percolator:proof_v22_funding_unit_a_is_exact_and_sign_symmetric	S	/Users/khubair/percolator-ops/kani-work/percolator	none	-	proof_v22_funding_unit_a_is_exact_and_sign_symmetric	--tests --features fuzz -Z stubbing
percolator:lemma_v22_funding_div_rem_contract	S	/Users/khubair/percolator-ops/kani-work/percolator	none	-	lemma_v22_funding_div_rem_contract	--tests --features fuzz -Z stubbing
percolator:proof_v22_funding_shrunk_a_rounds_against_the_payer_bounded	S	/Users/khubair/percolator-ops/kani-work/percolator	none	-	proof_v22_funding_shrunk_a_rounds_against_the_payer_bounded	--tests --features fuzz -Z stubbing
percolator:proof_v22_s10_move_conserves_bounds_exact_total	L	/Users/khubair/percolator-ops/kani-work/percolator	none	-	proof_v22_s10_move_conserves_bounds_exact_total	--tests --features fuzz -Z stubbing
percolator:proof_v22_s10_move_conserves_bounds_exact_total_m	M	/Users/khubair/percolator-ops/kani-work/percolator	none	-	proof_v22_s10_move_conserves_bounds_exact_total_m	--tests --features fuzz -Z stubbing
percolator:proof_v22_s10_move_conserves_bounds_exact_total_ins_m	M	/Users/khubair/percolator-ops/kani-work/percolator	none	-	proof_v22_s10_move_conserves_bounds_exact_total_ins_m	--tests --features fuzz -Z stubbing
percolator:proof_v22_s10_move_is_idempotent_m	L	/Users/khubair/percolator-ops/kani-work/percolator	none	-	proof_v22_s10_move_is_idempotent_m	--tests --features fuzz -Z stubbing
percolator:proof_v22_s10_idle_fast_path_is_identity	M	/Users/khubair/percolator-ops/kani-work/percolator	none	-	proof_v22_s10_idle_fast_path_is_identity	--tests --features fuzz -Z stubbing
percolator:proof_v22_s10_share_formula_and_fast_predicate	S	/Users/khubair/percolator-ops/kani-work/percolator	none	-	proof_v22_s10_share_formula_and_fast_predicate	--tests --features fuzz -Z stubbing
percolator:proof_v22_s10_retry_hook_guard_m	M	/Users/khubair/percolator-ops/kani-work/percolator	none	-	proof_v22_s10_retry_hook_guard_m	--tests --features fuzz -Z stubbing
percolator:proof_v22_s10_grant_only_refresh_moves	L	/Users/khubair/percolator-ops/kani-work/percolator	none	-	proof_v22_s10_grant_only_refresh_moves	--tests --features fuzz -Z stubbing
percolator:proof_v22_s10_mirror_setter	S	/Users/khubair/percolator-ops/kani-work/percolator	none	-	proof_v22_s10_mirror_setter	--tests --features fuzz -Z stubbing
percolator:proof_v22_s10_wholly_empty_reset	M	/Users/khubair/percolator-ops/kani-work/percolator	none	-	proof_v22_s10_wholly_empty_reset	--tests --features fuzz -Z stubbing
percolator:proof_v22_s10_settle_entry_frame	L	/Users/khubair/percolator-ops/kani-work/percolator	none	-	proof_v22_s10_settle_entry_frame	--tests --features fuzz -Z stubbing
percolator:proof_v22_x1_fee_refinement_ok_state	L	/Users/khubair/percolator-ops/kani-work/percolator	none	-	proof_v22_x1_fee_refinement_ok_state	--tests --features fuzz -Z stubbing
percolator:proof_v22_x1_fee_refinement_result	L	/Users/khubair/percolator-ops/kani-work/percolator	none	-	proof_v22_x1_fee_refinement_result	--tests --features fuzz -Z stubbing
percolator:proof_v22_pending_credit_reader_clamped	S	/Users/khubair/percolator-ops/kani-work/percolator	none	-	proof_v22_pending_credit_reader_clamped	--tests --features fuzz -Z stubbing
percolator:proof_v22_s9_protective_rate	M	/Users/khubair/percolator-ops/kani-work/percolator	none	-	proof_v22_s9_protective_rate	--tests --features fuzz -Z stubbing
percolator:proof_v22_leg_cap_validator	M	/Users/khubair/percolator-ops/kani-work/percolator	none	-	proof_v22_leg_cap_validator	--tests --features fuzz -Z stubbing
percolator:proof_v22_batch_len_refused_fork_threshold	M	/Users/khubair/percolator-ops/kani-work/percolator	none	-	proof_v22_batch_len_refused_fork_threshold	--tests --features fuzz -Z stubbing
percolator:proof_v22_batch_len_refused_with_fee	M	/Users/khubair/percolator-ops/kani-work/percolator	none	-	proof_v22_batch_len_refused_with_fee	--tests --features fuzz -Z stubbing
percolator:proof_v22_attached_legs_have_unit_a	M	/Users/khubair/percolator-ops/kani-work/percolator	none	-	proof_v22_attached_legs_have_unit_a	--tests --features fuzz -Z stubbing
percolator:proof_v22_w4_postcondition_predicate	S	/Users/khubair/percolator-ops/kani-work/percolator	none	-	proof_v22_w4_postcondition_predicate	--tests --features fuzz -Z stubbing
percolator:proof_v22_w4_repay_engine_level	L	/Users/khubair/percolator-ops/kani-work/percolator	none	-	proof_v22_w4_repay_engine_level	--tests --features fuzz -Z stubbing
percolator:proof_v22_w4_insurance_credit_branch_refused	L	/Users/khubair/percolator-ops/kani-work/percolator	none	-	proof_v22_w4_insurance_credit_branch_refused	--tests --features fuzz -Z stubbing
percolator:proof_v22_rem_fast_equals_wide	L	/Users/khubair/percolator-ops/kani-work/percolator	none	-	proof_v22_rem_fast_equals_wide	--tests --features fuzz -Z stubbing
percolator:proof_v22_rem_partition_invariance	M	/Users/khubair/percolator-ops/kani-work/percolator	none	-	proof_v22_rem_partition_invariance	--tests --features fuzz -Z stubbing
percolator:proof_v22_rem_settle_keeps_rem_below_den	M	/Users/khubair/percolator-ops/kani-work/percolator	none	-	proof_v22_rem_settle_keeps_rem_below_den	--tests --features fuzz -Z stubbing
percolator:proof_v22_rem_settle_keeps_rem_below_den_generic_a	L	/Users/khubair/percolator-ops/kani-work/percolator	none	-	proof_v22_rem_settle_keeps_rem_below_den_generic_a	--tests --features fuzz -Z stubbing
percolator:proof_v22_rem_attach_resize	S	/Users/khubair/percolator-ops/kani-work/percolator	none	-	proof_v22_rem_attach_resize	--tests --features fuzz -Z stubbing
percolator:proof_v22_empty_leg_encoding	M	/Users/khubair/percolator-ops/kani-work/percolator	none	-	proof_v22_empty_leg_encoding	--tests --features fuzz -Z stubbing
percolator:proof_v22_kf_hidden_loss_bound	M	/Users/khubair/percolator-ops/kani-work/percolator	none	-	proof_v22_kf_hidden_loss_bound	--tests --features fuzz -Z stubbing
percolator:proof_v22_kf_hidden_loss_bound_covers_two_leg_loss	S	/Users/khubair/percolator-ops/kani-work/percolator	none	-	proof_v22_kf_hidden_loss_bound_covers_two_leg_loss	--tests --features fuzz -Z stubbing
percolator:kani_band_bounds_inward_contain_anchor	S	/Users/khubair/percolator-ops/kani-work/percolator	none	-	kani_band_bounds_inward_contain_anchor	--tests --features fuzz -Z stubbing
percolator:kani_band_clamp_in_range	S	/Users/khubair/percolator-ops/kani-work/percolator	none	-	kani_band_clamp_in_range	--tests --features fuzz -Z stubbing
percolator:kani_band_G_upper_bound	L	/Users/khubair/percolator-ops/kani-work/percolator	none	-	kani_band_G_upper_bound	--tests --features fuzz -Z stubbing
percolator:kani_band_d1_step	S	/Users/khubair/percolator-ops/kani-work/percolator	none	-	kani_band_d1_step	--tests --features fuzz -Z stubbing
percolator:kani_band_duration_pinned	S	/Users/khubair/percolator-ops/kani-work/percolator	none	-	kani_band_duration_pinned	--tests --features fuzz -Z stubbing
percolator:kani_rent_due_with_carry_exact	M	/Users/khubair/percolator-ops/kani-work/percolator	none	-	kani_rent_due_with_carry_exact	--tests --features fuzz -Z stubbing
percolator:kani_rent_split_never_overcharges	M	/Users/khubair/percolator-ops/kani-work/percolator	none	-	kani_rent_split_never_overcharges	--tests --features fuzz -Z stubbing
percolator:kani_rent_chargeable_junior	S	/Users/khubair/percolator-ops/kani-work/percolator	none	-	kani_rent_chargeable_junior	--tests --features fuzz -Z stubbing
percolator:kani_rent_index_delta_failclosed	M	/Users/khubair/percolator-ops/kani-work/percolator	none	-	kani_rent_index_delta_failclosed	--tests --features fuzz -Z stubbing
percolator:kani_band_attach_detach_roundtrip	S	/Users/khubair/percolator-ops/kani-work/percolator	none	-	kani_band_attach_detach_roundtrip	--tests --features fuzz -Z stubbing
percolator:kani_band_certify_leg	S	/Users/khubair/percolator-ops/kani-work/percolator	none	-	kani_band_certify_leg	--tests --features fuzz -Z stubbing
percolator:kani_band_reanchor_iff_certified	S	/Users/khubair/percolator-ops/kani-work/percolator	none	-	kani_band_reanchor_iff_certified	--tests --features fuzz -Z stubbing
percolator:kani_band_census_inductive	L	/Users/khubair/percolator-ops/kani-work/percolator	none	-	kani_band_census_inductive	--tests --features fuzz -Z stubbing
percolator:kani_band_accrue_rejects_before_mutation	L	/Users/khubair/percolator-ops/kani-work/percolator	none	-	kani_band_accrue_rejects_before_mutation	--tests --features fuzz -Z stubbing
percolator:kani_band_unarmed_fails_closed	M	/Users/khubair/percolator-ops/kani-work/percolator	none	-	kani_band_unarmed_fails_closed	--tests --features fuzz -Z stubbing
percolator:kani_rent_route_conserves	S	/Users/khubair/percolator-ops/kani-work/percolator	none	-	kani_rent_route_conserves	--tests --features fuzz -Z stubbing
percolator:kani_rent_settle_idempotent_and_attach_snap	M	/Users/khubair/percolator-ops/kani-work/percolator	none	-	kani_rent_settle_idempotent_and_attach_snap	--tests --features fuzz -Z stubbing
percolator:kani_bsl_validator_matches_pointwise_preset	L	/Users/khubair/percolator-ops/kani-work/percolator	none	-	kani_bsl_validator_matches_pointwise_preset	--tests --features fuzz -Z stubbing
percolator:kani_bsl_validator_matches_pointwise_mmr	L	/Users/khubair/percolator-ops/kani-work/percolator	none	-	kani_bsl_validator_matches_pointwise_mmr	--tests --features fuzz -Z stubbing
percolator:kani_inv_accrue	M	/Users/khubair/percolator-ops/kani-work/percolator	none	-	kani_inv_accrue	--tests --features fuzz -Z stubbing
percolator:kani_inv_reanchor	M	/Users/khubair/percolator-ops/kani-work/percolator	none	-	kani_inv_reanchor	--tests --features fuzz -Z stubbing
percolator:kani_inv_certify	M	/Users/khubair/percolator-ops/kani-work/percolator	none	-	kani_inv_certify	--tests --features fuzz -Z stubbing
percolator:kani_inv_no_third_epoch	M	/Users/khubair/percolator-ops/kani-work/percolator	none	-	kani_inv_no_third_epoch	--tests --features fuzz -Z stubbing
percolator:kani_bsl_no_bankruptcy_lemma	M	/Users/khubair/percolator-ops/kani-work/percolator	none	-	kani_bsl_no_bankruptcy_lemma	--tests --features fuzz -Z stubbing
percolator:kani_band_attach_respects_position_cap	S	/Users/khubair/percolator-ops/kani-work/percolator	none	-	kani_band_attach_respects_position_cap	--tests --features fuzz -Z stubbing
percolator:kani_band_position_cap_census	M	/Users/khubair/percolator-ops/kani-work/percolator	none	-	kani_band_position_cap_census	--tests --features fuzz -Z stubbing
percolator:kani_band_width_ok_exact	M	/Users/khubair/percolator-ops/kani-work/percolator	none	-	kani_band_width_ok_exact	--tests --features fuzz -Z stubbing
percolator:kani_band_reanchor_never_narrow	M	/Users/khubair/percolator-ops/kani-work/percolator	none	-	kani_band_reanchor_never_narrow	--tests --features fuzz -Z stubbing
percolator:kani_band_config_floors_band_off	L	/Users/khubair/percolator-ops/kani-work/percolator	none	-	kani_band_config_floors_band_off	--tests --features fuzz -Z stubbing
percolator:kani_band_config_floors_band_on	L	/Users/khubair/percolator-ops/kani-work/percolator	none	-	kani_band_config_floors_band_on	--tests --features fuzz -Z stubbing
percolator:kani_band_trade_shape_cap_and_min_notional_exempt	M	/Users/khubair/percolator-ops/kani-work/percolator	none	-	kani_band_trade_shape_cap_and_min_notional_exempt	--tests --features fuzz -Z stubbing
percolator:kani_band_bilateral_close_preserves_a	L	/Users/khubair/percolator-ops/kani-work/percolator	none	-	kani_band_bilateral_close_preserves_a	--tests --features fuzz -Z stubbing
percolator-prog:kani_v16_premium_funding_rate_is_clamped_and_signed	S	/Users/khubair/percolator-ops/kani-work/percolator-prog	devnet	-	kani_v16_premium_funding_rate_is_clamped_and_signed	--tests --features devnet -Z function-contracts -Z stubbing
percolator-prog:kani_v16_init_market_decode_preserves_wire_fields	S	/Users/khubair/percolator-ops/kani-work/percolator-prog	devnet	-	kani_v16_init_market_decode_preserves_wire_fields	--tests --features devnet -Z function-contracts -Z stubbing
percolator-prog:kani_v16_amount_instructions_decode_preserves_wire_fields	S	/Users/khubair/percolator-ops/kani-work/percolator-prog	devnet	-	kani_v16_amount_instructions_decode_preserves_wire_fields	--tests --features devnet -Z function-contracts -Z stubbing
percolator-prog:kani_v16_deposit_withdraw_decode_preserves_wire_fields	S	/Users/khubair/percolator-ops/kani-work/percolator-prog	devnet	-	kani_v16_deposit_withdraw_decode_preserves_wire_fields	--tests --features devnet -Z function-contracts -Z stubbing
percolator-prog:kani_v16_convert_and_cure_decode_preserves_wire_fields	S	/Users/khubair/percolator-ops/kani-work/percolator-prog	devnet	-	kani_v16_convert_and_cure_decode_preserves_wire_fields	--tests --features devnet -Z function-contracts -Z stubbing
percolator-prog:kani_v16_top_up_insurance_decode_preserves_wire_fields	S	/Users/khubair/percolator-ops/kani-work/percolator-prog	devnet	-	kani_v16_top_up_insurance_decode_preserves_wire_fields	--tests --features devnet -Z function-contracts -Z stubbing
percolator-prog:kani_v16_domain_insurance_decode_preserves_wire_fields	S	/Users/khubair/percolator-ops/kani-work/percolator-prog	devnet	-	kani_v16_domain_insurance_decode_preserves_wire_fields	--tests --features devnet -Z function-contracts -Z stubbing
percolator-prog:kani_v16_recovery_close_progress_decode_preserves_wire_fields	S	/Users/khubair/percolator-ops/kani-work/percolator-prog	devnet	-	kani_v16_recovery_close_progress_decode_preserves_wire_fields	--tests --features devnet -Z function-contracts -Z stubbing
percolator-prog:kani_v16_top_up_backing_bucket_decode_preserves_wire_fields	S	/Users/khubair/percolator-ops/kani-work/percolator-prog	devnet	-	kani_v16_top_up_backing_bucket_decode_preserves_wire_fields	--tests --features devnet -Z function-contracts -Z stubbing
percolator-prog:kani_v16_withdraw_backing_bucket_decode_preserves_wire_fields	S	/Users/khubair/percolator-ops/kani-work/percolator-prog	devnet	-	kani_v16_withdraw_backing_bucket_decode_preserves_wire_fields	--tests --features devnet -Z function-contracts -Z stubbing
percolator-prog:kani_v16_asset_lifecycle_decode_preserves_wire_fields	S	/Users/khubair/percolator-ops/kani-work/percolator-prog	devnet	-	kani_v16_asset_lifecycle_decode_preserves_wire_fields	--tests --features devnet -Z function-contracts -Z stubbing
percolator-prog:kani_v16_tradenocpi_decode_preserves_wire_fields	S	/Users/khubair/percolator-ops/kani-work/percolator-prog	devnet	-	kani_v16_tradenocpi_decode_preserves_wire_fields	--tests --features devnet -Z function-contracts -Z stubbing
percolator-prog:kani_v16_tradecpi_decode_preserves_wire_fields	S	/Users/khubair/percolator-ops/kani-work/percolator-prog	devnet	-	kani_v16_tradecpi_decode_preserves_wire_fields	--tests --features devnet -Z function-contracts -Z stubbing
percolator-prog:kani_v16_backing_fee_policy_change_allowed_requires_noop_or_empty	S	/Users/khubair/percolator-ops/kani-work/percolator-prog	devnet	-	kani_v16_backing_fee_policy_change_allowed_requires_noop_or_empty	--tests --features devnet -Z function-contracts -Z stubbing
percolator-prog:kani_v16_matcher_return_accepts_only_bound_echoed_fills	S	/Users/khubair/percolator-ops/kani-work/percolator-prog	devnet	-	kani_v16_matcher_return_accepts_only_bound_echoed_fills	--tests --features devnet -Z function-contracts -Z stubbing
percolator-prog:kani_v16_permissionless_crank_decode_preserves_wire_fields	S	/Users/khubair/percolator-ops/kani-work/percolator-prog	devnet	-	kani_v16_permissionless_crank_decode_preserves_wire_fields	--tests --features devnet -Z function-contracts -Z stubbing
percolator-prog:kani_v16_permissionless_crank_rejects_oversized_hint_count	S	/Users/khubair/percolator-ops/kani-work/percolator-prog	devnet	-	kani_v16_permissionless_crank_rejects_oversized_hint_count	--tests --features devnet -Z function-contracts -Z stubbing
percolator-prog:kani_v16_permissionless_crank_rejects_legacy_close_q_fee_bps_wire_payload	S	/Users/khubair/percolator-ops/kani-work/percolator-prog	devnet	-	kani_v16_permissionless_crank_rejects_legacy_close_q_fee_bps_wire_payload	--tests --features devnet -Z function-contracts -Z stubbing
percolator-prog:kani_v16_update_authority_decode_preserves_wire_fields	S	/Users/khubair/percolator-ops/kani-work/percolator-prog	devnet	-	kani_v16_update_authority_decode_preserves_wire_fields	--tests --features devnet -Z function-contracts -Z stubbing
percolator-prog:kani_v16_set_lp_vault_paused_decode_preserves_wire_fields	S	/Users/khubair/percolator-ops/kani-work/percolator-prog	devnet	-	kani_v16_set_lp_vault_paused_decode_preserves_wire_fields	--tests --features devnet -Z function-contracts -Z stubbing
percolator-prog:kani_v16_update_liquidation_fee_policy_decode_preserves_wire_fields	S	/Users/khubair/percolator-ops/kani-work/percolator-prog	devnet	-	kani_v16_update_liquidation_fee_policy_decode_preserves_wire_fields	--tests --features devnet -Z function-contracts -Z stubbing
percolator-prog:kani_v16_update_maintenance_fee_policy_decode_preserves_wire_fields	S	/Users/khubair/percolator-ops/kani-work/percolator-prog	devnet	-	kani_v16_update_maintenance_fee_policy_decode_preserves_wire_fields	--tests --features devnet -Z function-contracts -Z stubbing
percolator-prog:kani_v16_update_backing_fee_policy_decode_preserves_wire_fields	S	/Users/khubair/percolator-ops/kani-work/percolator-prog	devnet	-	kani_v16_update_backing_fee_policy_decode_preserves_wire_fields	--tests --features devnet -Z function-contracts -Z stubbing
percolator-prog:kani_v16_update_trade_fee_policy_decode_preserves_wire_fields	S	/Users/khubair/percolator-ops/kani-work/percolator-prog	devnet	-	kani_v16_update_trade_fee_policy_decode_preserves_wire_fields	--tests --features devnet -Z function-contracts -Z stubbing
percolator-prog:kani_v16_update_fee_redirect_policy_decode_preserves_wire_fields	S	/Users/khubair/percolator-ops/kani-work/percolator-prog	devnet	-	kani_v16_update_fee_redirect_policy_decode_preserves_wire_fields	--tests --features devnet -Z function-contracts -Z stubbing
percolator-prog:kani_v16_update_market_init_fee_policy_decode_preserves_wire_fields	S	/Users/khubair/percolator-ops/kani-work/percolator-prog	devnet	-	kani_v16_update_market_init_fee_policy_decode_preserves_wire_fields	--tests --features devnet -Z function-contracts -Z stubbing
percolator-prog:kani_v16_base_unit_payloads_decode_preserves_wire_fields	S	/Users/khubair/percolator-ops/kani-work/percolator-prog	devnet	-	kani_v16_base_unit_payloads_decode_preserves_wire_fields	--tests --features devnet -Z function-contracts -Z stubbing
percolator-prog:kani_v16_permissionless_resolve_decode_preserves_wire_fields	S	/Users/khubair/percolator-ops/kani-work/percolator-prog	devnet	-	kani_v16_permissionless_resolve_decode_preserves_wire_fields	--tests --features devnet -Z function-contracts -Z stubbing
percolator-prog:kani_v16_configure_hybrid_oracle_decode_preserves_wire_fields	S	/Users/khubair/percolator-ops/kani-work/percolator-prog	devnet	-	kani_v16_configure_hybrid_oracle_decode_preserves_wire_fields	--tests --features devnet -Z function-contracts -Z stubbing
percolator-prog:kani_v16_ewma_mark_decode_preserves_wire_fields	S	/Users/khubair/percolator-ops/kani-work/percolator-prog	devnet	-	kani_v16_ewma_mark_decode_preserves_wire_fields	--tests --features devnet -Z function-contracts -Z stubbing
percolator-prog:kani_v16_decode_rejects_trailing_bytes	S	/Users/khubair/percolator-ops/kani-work/percolator-prog	devnet	-	kani_v16_decode_rejects_trailing_bytes	--tests --features devnet -Z function-contracts -Z stubbing
percolator-prog:kani_v16_init_market_payload_rejects_trailing_byte	S	/Users/khubair/percolator-ops/kani-work/percolator-prog	devnet	-	kani_v16_init_market_payload_rejects_trailing_byte	--tests --features devnet -Z function-contracts -Z stubbing
percolator-prog:kani_v16_custody_payloads_reject_trailing_byte	S	/Users/khubair/percolator-ops/kani-work/percolator-prog	devnet	-	kani_v16_custody_payloads_reject_trailing_byte	--tests --features devnet -Z function-contracts -Z stubbing
percolator-prog:kani_v16_trade_and_crank_payloads_reject_trailing_byte	S	/Users/khubair/percolator-ops/kani-work/percolator-prog	devnet	-	kani_v16_trade_and_crank_payloads_reject_trailing_byte	--tests --features devnet -Z function-contracts -Z stubbing
percolator-prog:kani_v16_admin_policy_payloads_reject_trailing_byte	S	/Users/khubair/percolator-ops/kani-work/percolator-prog	devnet	-	kani_v16_admin_policy_payloads_reject_trailing_byte	--tests --features devnet -Z function-contracts -Z stubbing
percolator-prog:kani_v16_oracle_asset_payloads_reject_trailing_byte	S	/Users/khubair/percolator-ops/kani-work/percolator-prog	devnet	-	kani_v16_oracle_asset_payloads_reject_trailing_byte	--tests --features devnet -Z function-contracts -Z stubbing
percolator-prog:kani_v16_resolved_recovery_payloads_reject_trailing_byte	S	/Users/khubair/percolator-ops/kani-work/percolator-prog	devnet	-	kani_v16_resolved_recovery_payloads_reject_trailing_byte	--tests --features devnet -Z function-contracts -Z stubbing
percolator-prog:kani_v16_unknown_or_truncated_tags_reject	S	/Users/khubair/percolator-ops/kani-work/percolator-prog	devnet	-	kani_v16_unknown_or_truncated_tags_reject	--tests --features devnet -Z function-contracts -Z stubbing
percolator-prog:kani_v16_zero_length_decode_rejects	S	/Users/khubair/percolator-ops/kani-work/percolator-prog	devnet	-	kani_v16_zero_length_decode_rejects	--tests --features devnet -Z function-contracts -Z stubbing
percolator-prog:kani_v16_every_active_payload_rejects_one_byte_truncation	S	/Users/khubair/percolator-ops/kani-work/percolator-prog	devnet	-	kani_v16_every_active_payload_rejects_one_byte_truncation	--tests --features devnet -Z function-contracts -Z stubbing
percolator-prog:kani_lp_vault_redemption_split_conservation	S	/Users/khubair/percolator-ops/kani-work/percolator-prog	devnet	-	kani_lp_vault_redemption_split_conservation	--tests --features devnet -Z function-contracts -Z stubbing
percolator-prog:kani_lp_vault_redemption_fee_share_split_preserved	S	/Users/khubair/percolator-ops/kani-work/percolator-prog	devnet	-	kani_lp_vault_redemption_fee_share_split_preserved	--tests --features devnet -Z function-contracts -Z stubbing
percolator-prog:kani_e2_auth_accept_when_all_gates_hold	S	/Users/khubair/percolator-ops/kani-work/percolator-prog	devnet	-	kani_e2_auth_accept_when_all_gates_hold	--tests --features devnet -Z function-contracts -Z stubbing
percolator-prog:kani_e2_auth_accept_implies_all_gates	S	/Users/khubair/percolator-ops/kani-work/percolator-prog	devnet	-	kani_e2_auth_accept_implies_all_gates	--tests --features devnet -Z function-contracts -Z stubbing
percolator-prog:kani_e2_auth_reject_not_escrowed	S	/Users/khubair/percolator-ops/kani-work/percolator-prog	devnet	-	kani_e2_auth_reject_not_escrowed	--tests --features devnet -Z function-contracts -Z stubbing
percolator-prog:kani_e2_auth_reject_fake_pda_owner	S	/Users/khubair/percolator-ops/kani-work/percolator-prog	devnet	-	kani_e2_auth_reject_fake_pda_owner	--tests --features devnet -Z function-contracts -Z stubbing
percolator-prog:kani_e2_auth_reject_wrong_portfolio	S	/Users/khubair/percolator-ops/kani-work/percolator-prog	devnet	-	kani_e2_auth_reject_wrong_portfolio	--tests --features devnet -Z function-contracts -Z stubbing
percolator-prog:kani_e2_auth_reject_noncanonical_pda	S	/Users/khubair/percolator-ops/kani-work/percolator-prog	devnet	-	kani_e2_auth_reject_noncanonical_pda	--tests --features devnet -Z function-contracts -Z stubbing
percolator-prog:kani_e2_auth_reject_wrong_mint	S	/Users/khubair/percolator-ops/kani-work/percolator-prog	devnet	-	kani_e2_auth_reject_wrong_mint	--tests --features devnet -Z function-contracts -Z stubbing
percolator-prog:kani_e2_auth_reject_wrong_ata_owner	S	/Users/khubair/percolator-ops/kani-work/percolator-prog	devnet	-	kani_e2_auth_reject_wrong_ata_owner	--tests --features devnet -Z function-contracts -Z stubbing
percolator-prog:kani_e2_auth_reject_amount_not_one	S	/Users/khubair/percolator-ops/kani-work/percolator-prog	devnet	-	kani_e2_auth_reject_amount_not_one	--tests --features devnet -Z function-contracts -Z stubbing
percolator-prog:kani_e2_auth_reject_uninitialized_ata	S	/Users/khubair/percolator-ops/kani-work/percolator-prog	devnet	-	kani_e2_auth_reject_uninitialized_ata	--tests --features devnet -Z function-contracts -Z stubbing
percolator-prog:kani_f1_insurance_withdraw_cooldown_gate	S	/Users/khubair/percolator-ops/kani-work/percolator-prog	devnet	-	kani_f1_insurance_withdraw_cooldown_gate	--tests --features devnet -Z function-contracts -Z stubbing
percolator-prog:kani_f2_insurance_withdraw_ceiling	S	/Users/khubair/percolator-ops/kani-work/percolator-prog	devnet	-	kani_f2_insurance_withdraw_ceiling	--tests --features devnet -Z function-contracts -Z stubbing
percolator-prog:kani_protocol_skim_conserves_total_fee	S	/Users/khubair/percolator-ops/kani-work/percolator-prog	devnet	-	kani_protocol_skim_conserves_total_fee	--tests --features devnet -Z function-contracts -Z stubbing
percolator-prog:kani_protocol_skim_never_exceeds_fee_share_bps	S	/Users/khubair/percolator-ops/kani-work/percolator-prog	devnet	-	kani_protocol_skim_never_exceeds_fee_share_bps	--tests --features devnet -Z function-contracts -Z stubbing
percolator-prog:kani_protocol_claim_never_exceeds_accrued	S	/Users/khubair/percolator-ops/kani-work/percolator-prog	devnet	-	kani_protocol_claim_never_exceeds_accrued	--tests --features devnet -Z function-contracts -Z stubbing
percolator-prog:kani_protocol_fee_reserve_never_starved_by_cranker_reward	S	/Users/khubair/percolator-ops/kani-work/percolator-prog	devnet	-	kani_protocol_fee_reserve_never_starved_by_cranker_reward	--tests --features devnet -Z function-contracts -Z stubbing
percolator-prog:kani_set_protocol_fee_authority_requires_upgrade_authority	S	/Users/khubair/percolator-ops/kani-work/percolator-prog	devnet	-	kani_set_protocol_fee_authority_requires_upgrade_authority	--tests --features devnet -Z function-contracts -Z stubbing
percolator-prog:kani_RETIRED_fee_split_floor_ok_matches_tolerant_percentage_floors	S	/Users/khubair/percolator-ops/kani-work/percolator-prog	devnet	-	kani_RETIRED_fee_split_floor_ok_matches_tolerant_percentage_floors	--tests --features devnet -Z function-contracts -Z stubbing
percolator-prog:kani_batch_leg_fee_uses_ceil_notional_not_floor	S	/Users/khubair/percolator-ops/kani-work/percolator-prog	devnet	-	kani_batch_leg_fee_uses_ceil_notional_not_floor	--tests --features devnet -Z function-contracts -Z stubbing
percolator-prog:kani_fee_split_conserves	S	/Users/khubair/percolator-ops/kani-work/percolator-prog	devnet	-	kani_fee_split_conserves	--tests --features devnet -Z function-contracts -Z stubbing
percolator-prog:kani_fee_split_no_leg_exceeds_fee	S	/Users/khubair/percolator-ops/kani-work/percolator-prog	devnet	-	kani_fee_split_no_leg_exceeds_fee	--tests --features devnet -Z function-contracts -Z stubbing
percolator-prog:kani_design_p1_band_equals_interval_full_width	S	/Users/khubair/percolator-ops/kani-work/percolator-prog	devnet	-	kani_design_p1_band_equals_interval_full_width	--tests --features devnet -Z function-contracts -Z stubbing
percolator-prog:kani_design_p1_fast_cap_total_in_engine_domain	S	/Users/khubair/percolator-ops/kani-work/percolator-prog	devnet	-	kani_design_p1_fast_cap_total_in_engine_domain	--tests --features devnet -Z function-contracts -Z stubbing
percolator-prog:kani_design_p1_post_fill_gate_exact	S	/Users/khubair/percolator-ops/kani-work/percolator-prog	devnet	-	kani_design_p1_post_fill_gate_exact	--tests --features devnet -Z function-contracts -Z stubbing
percolator-prog:kani_design_p1_floored_route	S	/Users/khubair/percolator-ops/kani-work/percolator-prog	devnet	-	kani_design_p1_floored_route	--tests --features devnet -Z function-contracts -Z stubbing
percolator-prog:kani_design_p1_healthy_route	S	/Users/khubair/percolator-ops/kani-work/percolator-prog	devnet	-	kani_design_p1_healthy_route	--tests --features devnet -Z function-contracts -Z stubbing
percolator-prog:kani_design_p1_close_never_burns_owed_fees	S	/Users/khubair/percolator-ops/kani-work/percolator-prog	devnet	-	kani_design_p1_close_never_burns_owed_fees	--tests --features devnet -Z function-contracts -Z stubbing
percolator-prog:kani_design_p1_fee_channel_full_width	S	/Users/khubair/percolator-ops/kani-work/percolator-prog	devnet	-	kani_design_p1_fee_channel_full_width	--tests --features devnet -Z function-contracts -Z stubbing
percolator-prog:kani_design_p1_cap_exact_floor_engine_domain	S	/Users/khubair/percolator-ops/kani-work/percolator-prog	devnet	-	kani_design_p1_cap_exact_floor_engine_domain	--tests --features devnet -Z function-contracts -Z stubbing
percolator-prog:kani_design_p1_fast_cap_equals_division_engine_domain	S	/Users/khubair/percolator-ops/kani-work/percolator-prog	devnet	-	kani_design_p1_fast_cap_equals_division_engine_domain	--tests --features devnet -Z function-contracts -Z stubbing
percolator-prog:kani_growth_r6_tag94_v19_roundtrip	M	/Users/khubair/percolator-ops/kani-work/percolator-prog	devnet	-	kani_growth_r6_tag94_v19_roundtrip	--tests --features devnet -Z function-contracts -Z stubbing
percolator-prog:kani_growth_r6_tag93_v19_roundtrip	M	/Users/khubair/percolator-ops/kani-work/percolator-prog	devnet	-	kani_growth_r6_tag93_v19_roundtrip	--tests --features devnet -Z function-contracts -Z stubbing
percolator-prog:kani_growth_r15d_fee_channel_conservation	S	/Users/khubair/percolator-ops/kani-work/percolator-prog	devnet	-	kani_growth_r15d_fee_channel_conservation	--tests --features devnet -Z function-contracts -Z stubbing
percolator-prog:kani_v22_mul_div_ceil_lemma	M	/Users/khubair/percolator-ops/kani-work/percolator-prog	devnet	-	kani_v22_mul_div_ceil_lemma	--tests --features devnet -Z function-contracts -Z stubbing
percolator-prog:kani_v22_wa0_exit_gate_truth_table	S	/Users/khubair/percolator-ops/kani-work/percolator-prog	devnet	-	kani_v22_wa0_exit_gate_truth_table	--tests --features devnet -Z function-contracts -Z stubbing
percolator-prog:kani_v22_wa1_lot_floor_guarantees_progress	M	/Users/khubair/percolator-ops/kani-work/percolator-prog	devnet	-	kani_v22_wa1_lot_floor_guarantees_progress	--tests --features devnet -Z function-contracts -Z stubbing
percolator-prog:kani_v22_wa2_lot_floor_is_tight	S	/Users/khubair/percolator-ops/kani-work/percolator-prog	devnet	-	kani_v22_wa2_lot_floor_is_tight	--tests --features devnet -Z function-contracts -Z stubbing
percolator-prog:kani_v22_wa3_profile_shape	S	/Users/khubair/percolator-ops/kani-work/percolator-prog	devnet	-	kani_v22_wa3_profile_shape	--tests --features devnet -Z function-contracts -Z stubbing
percolator-prog:kani_v22_wa3_profile_shape@mainnet	S	/Users/khubair/percolator-ops/kani-work/percolator-prog	mainnet	-	kani_v22_wa3_profile_shape	--tests -Z function-contracts -Z stubbing
percolator-prog:kani_v22_wa4_lot_carry_is_identity_or_119	S	/Users/khubair/percolator-ops/kani-work/percolator-prog	devnet	-	kani_v22_wa4_lot_carry_is_identity_or_119	--tests --features devnet -Z function-contracts -Z stubbing
percolator-prog:kani_v22_wa5_lot_floor_predicate	S	/Users/khubair/percolator-ops/kani-work/percolator-prog	devnet	-	kani_v22_wa5_lot_floor_predicate	--tests --features devnet -Z function-contracts -Z stubbing
percolator-prog:kani_v22_wa6_loss_gate	S	/Users/khubair/percolator-ops/kani-work/percolator-prog	devnet	-	kani_v22_wa6_loss_gate	--tests --features devnet -Z function-contracts -Z stubbing
percolator-prog:kani_v22_wa7_min_payout	S	/Users/khubair/percolator-ops/kani-work/percolator-prog	devnet	-	kani_v22_wa7_min_payout	--tests --features devnet -Z function-contracts -Z stubbing
percolator-prog:kani_v22_wa8_loss_current_iff_all_zero	S	/Users/khubair/percolator-ops/kani-work/percolator-prog	devnet	-	kani_v22_wa8_loss_current_iff_all_zero	--tests --features devnet -Z function-contracts -Z stubbing
percolator-prog:kani_v22_wa9_t9_p3_dip_model	M	/Users/khubair/percolator-ops/kani-work/percolator-prog	devnet	-	kani_v22_wa9_t9_p3_dip_model	--tests --features devnet -Z function-contracts -Z stubbing
percolator-prog:kani_v22_wa10_dip_floor	S	/Users/khubair/percolator-ops/kani-work/percolator-prog	devnet	-	kani_v22_wa10_dip_floor	--tests --features devnet -Z function-contracts -Z stubbing
percolator-prog:kani_v22_wa11_cross_pot_netting	S	/Users/khubair/percolator-ops/kani-work/percolator-prog	devnet	-	kani_v22_wa11_cross_pot_netting	--tests --features devnet -Z function-contracts -Z stubbing
percolator-prog:kani_v22_wa12_refresh_weight	S	/Users/khubair/percolator-ops/kani-work/percolator-prog	devnet	-	kani_v22_wa12_refresh_weight	--tests --features devnet -Z function-contracts -Z stubbing
percolator-prog:kani_v22_wa13_tag77_v22_roundtrip	M	/Users/khubair/percolator-ops/kani-work/percolator-prog	devnet	-	kani_v22_wa13_tag77_v22_roundtrip	--tests --features devnet -Z function-contracts -Z stubbing
percolator-prog:kani_v22_wa14_tag76_v22_roundtrip	M	/Users/khubair/percolator-ops/kani-work/percolator-prog	devnet	-	kani_v22_wa14_tag76_v22_roundtrip	--tests --features devnet -Z function-contracts -Z stubbing
percolator-prog:kani_v22_wa15_len0	S	/Users/khubair/percolator-ops/kani-work/percolator-prog	devnet	-	kani_v22_wa15_len0	--tests --features devnet -Z function-contracts -Z stubbing
percolator-prog:kani_v22_wa15_len4	S	/Users/khubair/percolator-ops/kani-work/percolator-prog	devnet	-	kani_v22_wa15_len4	--tests --features devnet -Z function-contracts -Z stubbing
percolator-prog:kani_v22_wa15_len5	S	/Users/khubair/percolator-ops/kani-work/percolator-prog	devnet	-	kani_v22_wa15_len5	--tests --features devnet -Z function-contracts -Z stubbing
percolator-prog:kani_v22_wa15_len10	S	/Users/khubair/percolator-ops/kani-work/percolator-prog	devnet	-	kani_v22_wa15_len10	--tests --features devnet -Z function-contracts -Z stubbing
percolator-prog:kani_v22_wa15_len11	S	/Users/khubair/percolator-ops/kani-work/percolator-prog	devnet	-	kani_v22_wa15_len11	--tests --features devnet -Z function-contracts -Z stubbing
percolator-prog:kani_v22_wa15_len28	S	/Users/khubair/percolator-ops/kani-work/percolator-prog	devnet	-	kani_v22_wa15_len28	--tests --features devnet -Z function-contracts -Z stubbing
percolator-prog:kani_v22_wa15_len29	S	/Users/khubair/percolator-ops/kani-work/percolator-prog	devnet	-	kani_v22_wa15_len29	--tests --features devnet -Z function-contracts -Z stubbing
percolator-prog:kani_v22_wa15_refused	S	/Users/khubair/percolator-ops/kani-work/percolator-prog	devnet	-	kani_v22_wa15_refused	--tests --features devnet -Z function-contracts -Z stubbing
percolator-prog:kani_v22_wa19_exit_requires_loss_current_flavour	S	/Users/khubair/percolator-ops/kani-work/percolator-prog	devnet	-	kani_v22_wa19_exit_requires_loss_current_flavour	--tests --features devnet -Z function-contracts -Z stubbing
percolator-prog:kani_v22_wa19_exit_requires_loss_current_flavour@mainnet	S	/Users/khubair/percolator-ops/kani-work/percolator-prog	mainnet	-	kani_v22_wa19_exit_requires_loss_current_flavour	--tests -Z function-contracts -Z stubbing
percolator-prog:kani_v22_wb1_rent_rate_kink_cap_monotone	M	/Users/khubair/percolator-ops/kani-work/percolator-prog	devnet	-	kani_v22_wb1_rent_rate_kink_cap_monotone	--tests --features devnet -Z function-contracts -Z stubbing
percolator-prog:kani_v22_wb2_band_lambda_and_alpha_caps	S	/Users/khubair/percolator-ops/kani-work/percolator-prog	devnet	-	kani_v22_wb2_band_lambda_and_alpha_caps	--tests --features devnet -Z function-contracts -Z stubbing
percolator-prog:kani_v22_wb2_band_lambda_and_alpha_caps@mainnet	S	/Users/khubair/percolator-ops/kani-work/percolator-prog	mainnet	-	kani_v22_wb2_band_lambda_and_alpha_caps	--tests -Z function-contracts -Z stubbing
percolator-prog:kani_v22_wb3_graduation_requires_band_and_depth	S	/Users/khubair/percolator-ops/kani-work/percolator-prog	devnet	-	kani_v22_wb3_graduation_requires_band_and_depth	--tests --features devnet -Z function-contracts -Z stubbing
percolator-prog:kani_v22_wb4_c_launch_floor	S	/Users/khubair/percolator-ops/kani-work/percolator-prog	devnet	-	kani_v22_wb4_c_launch_floor	--tests --features devnet -Z function-contracts -Z stubbing
percolator-prog:kani_v22_wb5_rent_rate_fail_closed	M	/Users/khubair/percolator-ops/kani-work/percolator-prog	devnet	-	kani_v22_wb5_rent_rate_fail_closed	--tests --features devnet -Z function-contracts -Z stubbing
percolator-prog:kani_v22_wd1_rescue_no_dilution	M	/Users/khubair/percolator-ops/kani-work/percolator-prog	devnet	-	kani_v22_wd1_rescue_no_dilution	--tests --features devnet -Z function-contracts -Z stubbing
percolator-prog:kani_v22_wd2_rescue_par_per_share	M	/Users/khubair/percolator-ops/kani-work/percolator-prog	devnet	-	kani_v22_wd2_rescue_par_per_share	--tests --features devnet -Z function-contracts -Z stubbing
percolator-prog:kani_v22_wd3_rescue_refuses_floor	M	/Users/khubair/percolator-ops/kani-work/percolator-prog	devnet	-	kani_v22_wd3_rescue_refuses_floor	--tests --features devnet -Z function-contracts -Z stubbing
percolator-prog:kani_v22_wd4_units_mint_burn_no_dilution	M	/Users/khubair/percolator-ops/kani-work/percolator-prog	devnet	-	kani_v22_wd4_units_mint_burn_no_dilution	--tests --features devnet -Z function-contracts -Z stubbing
percolator-prog:kani_v22_wd5_admitted_mint_positive_and_bounded	M	/Users/khubair/percolator-ops/kani-work/percolator-prog	devnet	-	kani_v22_wd5_admitted_mint_positive_and_bounded	--tests --features devnet -Z function-contracts -Z stubbing
percolator-prog:kani_v22_wd6_loss_pro_rata	M	/Users/khubair/percolator-ops/kani-work/percolator-prog	devnet	-	kani_v22_wd6_loss_pro_rata	--tests --features devnet -Z function-contracts -Z stubbing
percolator-prog:kani_v22_wd7_backstop_bounded	S	/Users/khubair/percolator-ops/kani-work/percolator-prog	devnet	-	kani_v22_wd7_backstop_bounded	--tests --features devnet -Z function-contracts -Z stubbing
percolator-prog:kani_v22_wd8_backstop_only_after_seniors	S	/Users/khubair/percolator-ops/kani-work/percolator-prog	devnet	-	kani_v22_wd8_backstop_only_after_seniors	--tests --features devnet -Z function-contracts -Z stubbing
percolator-prog:kani_v22_wd9_recovery_backstop_first	S	/Users/khubair/percolator-ops/kani-work/percolator-prog	devnet	-	kani_v22_wd9_recovery_backstop_first	--tests --features devnet -Z function-contracts -Z stubbing
percolator-prog:kani_v22_wd10_g9_window	S	/Users/khubair/percolator-ops/kani-work/percolator-prog	devnet	-	kani_v22_wd10_g9_window	--tests --features devnet -Z function-contracts -Z stubbing
percolator-prog:kani_v22_wd11_epoch_room	S	/Users/khubair/percolator-ops/kani-work/percolator-prog	devnet	-	kani_v22_wd11_epoch_room	--tests --features devnet -Z function-contracts -Z stubbing
percolator-prog:kani_v22_wd12_g9_eligibility	S	/Users/khubair/percolator-ops/kani-work/percolator-prog	devnet	-	kani_v22_wd12_g9_eligibility	--tests --features devnet -Z function-contracts -Z stubbing
percolator-prog:kani_v22_wd13_combined_reading_is_min_sum	S	/Users/khubair/percolator-ops/kani-work/percolator-prog	devnet	-	kani_v22_wd13_combined_reading_is_min_sum	--tests --features devnet -Z function-contracts -Z stubbing
percolator-prog:kani_v22_wd14_halt_on_mirror	S	/Users/khubair/percolator-ops/kani-work/percolator-prog	devnet	-	kani_v22_wd14_halt_on_mirror	--tests --features devnet -Z function-contracts -Z stubbing
percolator-prog:kani_v22_wd15_g9_oracle_allowed_truth_table	S	/Users/khubair/percolator-ops/kani-work/percolator-prog	devnet	-	kani_v22_wd15_g9_oracle_allowed_truth_table	--tests --features devnet -Z function-contracts -Z stubbing
percolator-prog:kani_v22_wd15_g9_oracle_allowed_truth_table@mainnet	S	/Users/khubair/percolator-ops/kani-work/percolator-prog	mainnet	-	kani_v22_wd15_g9_oracle_allowed_truth_table	--tests -Z function-contracts -Z stubbing
percolator-prog:kani_v22_wd16_burn_admissible_bounds_loss	M	/Users/khubair/percolator-ops/kani-work/percolator-prog	devnet	-	kani_v22_wd16_burn_admissible_bounds_loss	--tests --features devnet -Z function-contracts -Z stubbing
percolator-prog:kani_v22_wd16b_burn_admissible_overflow_fails_closed	S	/Users/khubair/percolator-ops/kani-work/percolator-prog	devnet	-	kani_v22_wd16b_burn_admissible_overflow_fails_closed	--tests --features devnet -Z function-contracts -Z stubbing
percolator-prog:kani_v22_wd17_full_exit_loss_below_one_unit	M	/Users/khubair/percolator-ops/kani-work/percolator-prog	devnet	-	kani_v22_wd17_full_exit_loss_below_one_unit	--tests --features devnet -Z function-contracts -Z stubbing
percolator-prog:kani_v22_wd18_burn_then_mint_no_gain	M	/Users/khubair/percolator-ops/kani-work/percolator-prog	devnet	-	kani_v22_wd18_burn_then_mint_no_gain	--tests --features devnet -Z function-contracts -Z stubbing
percolator-prog:kani_v22_wd19_restore_free_keeps_im_buffer	M	/Users/khubair/percolator-ops/kani-work/percolator-prog	devnet	-	kani_v22_wd19_restore_free_keeps_im_buffer	--tests --features devnet -Z function-contracts -Z stubbing
percolator-prog:kani_v22_wd20_restore_amount_never_exceeds_free	S	/Users/khubair/percolator-ops/kani-work/percolator-prog	devnet	-	kani_v22_wd20_restore_amount_never_exceeds_free	--tests --features devnet -Z function-contracts -Z stubbing
percolator-prog:kani_v22_wd21_leg_ok_truth_table	S	/Users/khubair/percolator-ops/kani-work/percolator-prog	devnet	-	kani_v22_wd21_leg_ok_truth_table	--tests --features devnet -Z function-contracts -Z stubbing
percolator-prog:kani_v22_wd22_licence_never_exceeds_outstanding_loss	S	/Users/khubair/percolator-ops/kani-work/percolator-prog	devnet	-	kani_v22_wd22_licence_never_exceeds_outstanding_loss	--tests --features devnet -Z function-contracts -Z stubbing
percolator-prog:kani_v22_wd22b_licence_shrinks_on_recovery	S	/Users/khubair/percolator-ops/kani-work/percolator-prog	devnet	-	kani_v22_wd22b_licence_shrinks_on_recovery	--tests --features devnet -Z function-contracts -Z stubbing
percolator-prog:kani_v22_wd23_g9_amount_composed_bounds	M	/Users/khubair/percolator-ops/kani-work/percolator-prog	devnet	-	kani_v22_wd23_g9_amount_composed_bounds	--tests --features devnet -Z function-contracts -Z stubbing
percolator-prog:kani_v22_wd24_restore_split	S	/Users/khubair/percolator-ops/kani-work/percolator-prog	devnet	-	kani_v22_wd24_restore_split	--tests --features devnet -Z function-contracts -Z stubbing
percolator-prog:kani_v22_wd25_restore_free_is_min_room_capital	M	/Users/khubair/percolator-ops/kani-work/percolator-prog	devnet	-	kani_v22_wd25_restore_free_is_min_room_capital	--tests --features devnet -Z function-contracts -Z stubbing
percolator-prog:kani_v22_wd26_allowlist_removal_and_commit	S	/Users/khubair/percolator-ops/kani-work/percolator-prog	devnet	-	kani_v22_wd26_allowlist_removal_and_commit	--tests --features devnet -Z function-contracts -Z stubbing
percolator-prog:kani_v22_wd27_allowlist_record_validator	M	/Users/khubair/percolator-ops/kani-work/percolator-prog	devnet	-	kani_v22_wd27_allowlist_record_validator	--tests --features devnet -Z function-contracts -Z stubbing
percolator-prog:kani_v22_wd28_owner_pin	M	/Users/khubair/percolator-ops/kani-work/percolator-prog	devnet	-	kani_v22_wd28_owner_pin	--tests --features devnet -Z function-contracts -Z stubbing
percolator-prog:kani_v22_wd29_ids_consistent	S	/Users/khubair/percolator-ops/kani-work/percolator-prog	devnet	-	kani_v22_wd29_ids_consistent	--tests --features devnet -Z function-contracts -Z stubbing
percolator-prog:kani_v22_wd30_switchboard_program_predicate	S	/Users/khubair/percolator-ops/kani-work/percolator-prog	devnet	-	kani_v22_wd30_switchboard_program_predicate	--tests --features devnet -Z function-contracts -Z stubbing
percolator-prog:kani_v22_wd30_switchboard_program_predicate@mainnet	S	/Users/khubair/percolator-ops/kani-work/percolator-prog	mainnet	-	kani_v22_wd30_switchboard_program_predicate	--tests -Z function-contracts -Z stubbing
percolator-prog:kani_v22_wc1_split3_conserves_and_orders	S	/Users/khubair/percolator-ops/kani-work/percolator-prog	devnet	-	kani_v22_wc1_split3_conserves_and_orders	--tests --features devnet -Z function-contracts -Z stubbing
percolator-prog:kani_v22_wc2_draw3_order	M	/Users/khubair/percolator-ops/kani-work/percolator-prog	devnet	-	kani_v22_wc2_draw3_order	--tests --features devnet -Z function-contracts -Z stubbing
percolator-prog:kani_v22_wc3_lazy_split_equals_explicit_draw	M	/Users/khubair/percolator-ops/kani-work/percolator-prog	devnet	-	kani_v22_wc3_lazy_split_equals_explicit_draw	--tests --features devnet -Z function-contracts -Z stubbing
percolator-prog:kani_v22_wc4_recover3_restores_senior_bond_junior	M	/Users/khubair/percolator-ops/kani-work/percolator-prog	devnet	-	kani_v22_wc4_recover3_restores_senior_bond_junior	--tests --features devnet -Z function-contracts -Z stubbing
percolator-prog:kani_v22_wc5_bond_deposit_no_dilution	M	/Users/khubair/percolator-ops/kani-work/percolator-prog	devnet	-	kani_v22_wc5_bond_deposit_no_dilution	--tests --features devnet -Z function-contracts -Z stubbing
percolator-prog:kani_v22_wc6_bond_redemption_no_dilution	M	/Users/khubair/percolator-ops/kani-work/percolator-prog	devnet	-	kani_v22_wc6_bond_redemption_no_dilution	--tests --features devnet -Z function-contracts -Z stubbing
percolator-prog:kani_v22_wc7_bond_lock_vs_open_oi	M	/Users/khubair/percolator-ops/kani-work/percolator-prog	devnet	-	kani_v22_wc7_bond_lock_vs_open_oi	--tests --features devnet -Z function-contracts -Z stubbing
percolator-prog:kani_v22_wc8a_fee_waterfall3_conserves_and_orders	M	/Users/khubair/percolator-ops/kani-work/percolator-prog	devnet	-	kani_v22_wc8a_fee_waterfall3_conserves_and_orders	--tests --features devnet -Z function-contracts -Z stubbing
percolator-prog:kani_v22_wc8b_coupon_due_gate_base	M	/Users/khubair/percolator-ops/kani-work/percolator-prog	devnet	-	kani_v22_wc8b_coupon_due_gate_base	--tests --features devnet -Z function-contracts -Z stubbing
percolator-prog:kani_v22_wc9_junior_gates_exclude_bonds	S	/Users/khubair/percolator-ops/kani-work/percolator-prog	devnet	-	kani_v22_wc9_junior_gates_exclude_bonds	--tests --features devnet -Z function-contracts -Z stubbing
percolator-prog:kani_v22_wc10_draw_halts_incl_bond_withdraw	S	/Users/khubair/percolator-ops/kani-work/percolator-prog	devnet	-	kani_v22_wc10_draw_halts_incl_bond_withdraw	--tests --features devnet -Z function-contracts -Z stubbing
percolator-prog:kani_v22_wc11_bond_config_bounds	S	/Users/khubair/percolator-ops/kani-work/percolator-prog	devnet	-	kani_v22_wc11_bond_config_bounds	--tests --features devnet -Z function-contracts -Z stubbing
percolator-prog:kani_v22_wc12_bond_coupon_split	S	/Users/khubair/percolator-ops/kani-work/percolator-prog	devnet	-	kani_v22_wc12_bond_coupon_split	--tests --features devnet -Z function-contracts -Z stubbing
percolator-prog:kani_v22_fe1_liquidation_delta_q	S	/Users/khubair/percolator-ops/kani-work/percolator-prog	devnet	-	kani_v22_fe1_liquidation_delta_q	--tests --features devnet -Z function-contracts -Z stubbing
percolator-prog:kani_v22_fe5_sat_u64	S	/Users/khubair/percolator-ops/kani-work/percolator-prog	devnet	-	kani_v22_fe5_sat_u64	--tests --features devnet -Z function-contracts -Z stubbing
percolator-prog:kani_v22_fe6_sub4_split	S	/Users/khubair/percolator-ops/kani-work/percolator-prog	devnet	-	kani_v22_fe6_sub4_split	--tests --features devnet -Z function-contracts -Z stubbing
percolator-prog:kani_v22_fe2_encode_fill_layout	M	/Users/khubair/percolator-ops/kani-work/percolator-prog	devnet	-	kani_v22_fe2_encode_fill_layout	--tests --features devnet -Z function-contracts -Z stubbing
percolator-prog:kani_v22_fe3_encode_reduce_and_move_layout	S	/Users/khubair/percolator-ops/kani-work/percolator-prog	devnet	-	kani_v22_fe3_encode_reduce_and_move_layout	--tests --features devnet -Z function-contracts -Z stubbing
percolator-prog:kani_v22_fe4_emit_fills_chunking	M	/Users/khubair/percolator-ops/kani-work/percolator-prog	devnet	-	kani_v22_fe4_emit_fills_chunking	--tests --features devnet -Z function-contracts -Z stubbing
percolator-prog:kani_v22_fe8_liquidation_event_view_n1_n2	M	/Users/khubair/percolator-ops/kani-work/percolator-prog	devnet	-	kani_v22_fe8_liquidation_event_view_n1_n2	--tests --features devnet -Z function-contracts -Z stubbing
percolator-prog:kani_v22_lp1_base58_encode_bounds_alphabet	L	/Users/khubair/percolator-ops/kani-work/percolator-prog	devnet	-	kani_v22_lp1_base58_encode_bounds_alphabet	--tests --features devnet -Z function-contracts -Z stubbing
percolator-prog:kani_v22_lp2_ticker_name_symbol_bounds	M	/Users/khubair/percolator-ops/kani-work/percolator-prog	devnet	percolator-prog:kani_v22_lp1_base58_encode_bounds_alphabet	kani_v22_lp2_ticker_name_symbol_bounds	--tests --features devnet -Z function-contracts -Z stubbing
percolator-prog:kani_v22_lp3_share_uri_shape	M	/Users/khubair/percolator-ops/kani-work/percolator-prog	devnet	percolator-prog:kani_v22_lp1_base58_encode_bounds_alphabet	kani_v22_lp3_share_uri_shape	--tests --features devnet -Z function-contracts -Z stubbing
percolator-prog:kani_v22_lp3_share_uri_shape@mainnet	M	/Users/khubair/percolator-ops/kani-work/percolator-prog	mainnet	percolator-prog:kani_v22_lp1_base58_encode_bounds_alphabet	kani_v22_lp3_share_uri_shape	--tests -Z function-contracts -Z stubbing
percolator-prog:kani_v22_lp4_metadata_instruction_data	M	/Users/khubair/percolator-ops/kani-work/percolator-prog	devnet	-	kani_v22_lp4_metadata_instruction_data	--tests --features devnet -Z function-contracts -Z stubbing
percolator-prog:kani_v22_lp5_cpi_account_lists	S	/Users/khubair/percolator-ops/kani-work/percolator-prog	devnet	-	kani_v22_lp5_cpi_account_lists	--tests --features devnet -Z function-contracts -Z stubbing
percolator-prog:kani_v22_lp6_record_state_total	M	/Users/khubair/percolator-ops/kani-work/percolator-prog	devnet	-	kani_v22_lp6_record_state_total	--tests --features devnet -Z function-contracts -Z stubbing
percolator-prog:kani_p1_exec_band_check_sound	S	/Users/khubair/percolator-ops/kani-work/percolator-prog	devnet	-	p1_kani_proofs::kani_p1_exec_band_check_sound	--tests --features devnet -Z function-contracts -Z stubbing
percolator-prog:kani_p1_exposure_cap_monotone_no_overflow	S	/Users/khubair/percolator-ops/kani-work/percolator-prog	devnet	-	p1_kani_proofs::kani_p1_exposure_cap_monotone_no_overflow	--tests --features devnet -Z function-contracts -Z stubbing
percolator-prog:kani_p1_exposure_cap_saturates_monotone	S	/Users/khubair/percolator-ops/kani-work/percolator-prog	devnet	-	p1_kani_proofs::kani_p1_exposure_cap_saturates_monotone	--tests --features devnet -Z function-contracts -Z stubbing
percolator-prog:kani_p1_headroom_matches_post_trade_cap	S	/Users/khubair/percolator-ops/kani-work/percolator-prog	devnet	-	p1_kani_proofs::kani_p1_headroom_matches_post_trade_cap	--tests --features devnet -Z function-contracts -Z stubbing
percolator-prog:kani_p1_floor_halt_predicate	S	/Users/khubair/percolator-ops/kani-work/percolator-prog	devnet	-	p1_kani_proofs::kani_p1_floor_halt_predicate	--tests --features devnet -Z function-contracts -Z stubbing
percolator-prog:kani_p1_side_oi_growth_rule	S	/Users/khubair/percolator-ops/kani-work/percolator-prog	devnet	-	p1_kani_proofs::kani_p1_side_oi_growth_rule	--tests --features devnet -Z function-contracts -Z stubbing
percolator-prog:kani_p1_close_fee_conservation	S	/Users/khubair/percolator-ops/kani-work/percolator-prog	devnet	-	p1_kani_proofs::kani_p1_close_fee_conservation	--tests --features devnet -Z function-contracts -Z stubbing
percolator-prog:kani_p1_reduce_only_and_floored_move_rules	S	/Users/khubair/percolator-ops/kani-work/percolator-prog	devnet	-	p1_kani_proofs::kani_p1_reduce_only_and_floored_move_rules	--tests --features devnet -Z function-contracts -Z stubbing
percolator-prog:kani_p1_lp_gate_refuses_only_lp_growth	S	/Users/khubair/percolator-ops/kani-work/percolator-prog	devnet	-	p1_kani_proofs::kani_p1_lp_gate_refuses_only_lp_growth	--tests --features devnet -Z function-contracts -Z stubbing
percolator-prog:kani_p1_fee_channel_consent_and_allocation	S	/Users/khubair/percolator-ops/kani-work/percolator-prog	devnet	-	p1_kani_proofs::kani_p1_fee_channel_consent_and_allocation	--tests --features devnet -Z function-contracts -Z stubbing
percolator-prog:kani_sync_call_ext_v2_layout	S	/Users/khubair/percolator-ops/kani-work/percolator-prog	devnet	-	p1_kani_proofs::kani_sync_call_ext_v2_layout	--tests --features devnet -Z function-contracts -Z stubbing
percolator-prog:kani_p1_cap_fast_path_matches_division	S	/Users/khubair/percolator-ops/kani-work/percolator-prog	devnet	-	p1_kani_proofs::kani_p1_cap_fast_path_matches_division	--tests --features devnet -Z function-contracts -Z stubbing
percolator-prog:kani_p1_cap_check_monotone_no_overflow	S	/Users/khubair/percolator-ops/kani-work/percolator-prog	devnet	-	p1_kani_proofs::kani_p1_cap_check_monotone_no_overflow	--tests --features devnet -Z function-contracts -Z stubbing
percolator-prog_kani_growth:kani_growth_c_mul_div_floor	M	/Users/khubair/percolator-ops/kani-work/percolator-prog/kani/growth	devnet	-	proofs::kani_growth_c_mul_div_floor	--features devnet -Z function-contracts -Z stubbing
percolator-prog_kani_growth:kani_growth_c_mul_div_ceil	L	/Users/khubair/percolator-ops/kani-work/percolator-prog/kani/growth	devnet	-	proofs::kani_growth_c_mul_div_ceil	--features devnet -Z function-contracts -Z stubbing
percolator-prog_kani_growth:kani_growth_c_n_cap_q	L	/Users/khubair/percolator-ops/kani-work/percolator-prog/kani/growth	devnet	-	proofs::kani_growth_c_n_cap_q	--features devnet -Z function-contracts -Z stubbing
percolator-prog_kani_growth:kani_growth_g_n_cap_q	L	/Users/khubair/percolator-ops/kani-work/percolator-prog/kani/growth	devnet	percolator-prog_kani_growth:kani_growth_c_mul_div_floor	proofs::kani_growth_g_n_cap_q	--features devnet -Z function-contracts -Z stubbing
percolator-prog_kani_growth:kani_growth_c_liquidity_notional_e6	S	/Users/khubair/percolator-ops/kani-work/percolator-prog/kani/growth	devnet	-	proofs::kani_growth_c_liquidity_notional_e6	--features devnet -Z function-contracts -Z stubbing
percolator-prog_kani_growth:kani_growth_g_liquidity_notional_e6	L	/Users/khubair/percolator-ops/kani-work/percolator-prog/kani/growth	devnet	percolator-prog_kani_growth:kani_growth_c_mul_div_floor	proofs::kani_growth_g_liquidity_notional_e6	--features devnet -Z function-contracts -Z stubbing
percolator-prog_kani_growth:kani_growth_c_dyn_imr_bps	L	/Users/khubair/percolator-ops/kani-work/percolator-prog/kani/growth	devnet	-	proofs::kani_growth_c_dyn_imr_bps	--features devnet -Z function-contracts -Z stubbing
percolator-prog_kani_growth:kani_growth_g_dyn_imr_bps	L	/Users/khubair/percolator-ops/kani-work/percolator-prog/kani/growth	devnet	percolator-prog_kani_growth:kani_growth_c_mul_div_ceil	proofs::kani_growth_g_dyn_imr_bps	--features devnet -Z function-contracts -Z stubbing
percolator-prog_kani_growth:kani_growth_c_leg_im_req	M	/Users/khubair/percolator-ops/kani-work/percolator-prog/kani/growth	devnet	-	proofs::kani_growth_c_leg_im_req	--features devnet -Z function-contracts -Z stubbing
percolator-prog_kani_growth:kani_growth_g_leg_im_req	L	/Users/khubair/percolator-ops/kani-work/percolator-prog/kani/growth	devnet	percolator-prog_kani_growth:kani_growth_c_mul_div_ceil	proofs::kani_growth_g_leg_im_req	--features devnet -Z function-contracts -Z stubbing
percolator-prog_kani_growth:kani_growth_c_risk_notional_ceil	L	/Users/khubair/percolator-ops/kani-work/percolator-prog/kani/growth	devnet	-	proofs::kani_growth_c_risk_notional_ceil	--features devnet -Z function-contracts -Z stubbing
percolator-prog_kani_growth:kani_growth_g_risk_notional_ceil	S	/Users/khubair/percolator-ops/kani-work/percolator-prog/kani/growth	devnet	percolator-prog_kani_growth:kani_growth_c_mul_div_ceil	proofs::kani_growth_g_risk_notional_ceil	--features devnet -Z function-contracts -Z stubbing
percolator-prog_kani_growth:kani_growth_c_utilisation_fee_bps	L	/Users/khubair/percolator-ops/kani-work/percolator-prog/kani/growth	devnet	-	proofs::kani_growth_c_utilisation_fee_bps	--features devnet -Z function-contracts -Z stubbing
percolator-prog_kani_growth:kani_growth_g_utilisation_fee_bps	L	/Users/khubair/percolator-ops/kani-work/percolator-prog/kani/growth	devnet	percolator-prog_kani_growth:kani_growth_c_mul_div_ceil	proofs::kani_growth_g_utilisation_fee_bps	--features devnet -Z function-contracts -Z stubbing
percolator-prog_kani_growth:kani_growth_c_util_fee_on_fill_bps	L	/Users/khubair/percolator-ops/kani-work/percolator-prog/kani/growth	devnet	-	proofs::kani_growth_c_util_fee_on_fill_bps	--features devnet -Z function-contracts -Z stubbing
percolator-prog_kani_growth:kani_growth_g_util_fee_on_fill_bps	L	/Users/khubair/percolator-ops/kani-work/percolator-prog/kani/growth	devnet	percolator-prog_kani_growth:kani_growth_c_mul_div_floor	proofs::kani_growth_g_util_fee_on_fill_bps	--features devnet -Z function-contracts -Z stubbing
percolator-prog_kani_growth:kani_growth_util_fee_caller_bound	S	/Users/khubair/percolator-ops/kani-work/percolator-prog/kani/growth	devnet	-	proofs::kani_growth_util_fee_caller_bound	--features devnet -Z function-contracts -Z stubbing
percolator-prog_kani_growth:kani_growth_t1_ceiling_never_looser	S	/Users/khubair/percolator-ops/kani-work/percolator-prog/kani/growth	devnet	-	proofs::kani_growth_t1_ceiling_never_looser	--features devnet -Z function-contracts -Z stubbing
percolator-prog_kani_growth:kani_growth_t1_required_imr_bounds	L	/Users/khubair/percolator-ops/kani-work/percolator-prog/kani/growth	devnet	percolator-prog_kani_growth:kani_growth_c_mul_div_ceil	proofs::kani_growth_t1_required_imr_bounds	--features devnet -Z function-contracts -Z stubbing
percolator-prog_kani_growth:kani_growth_t1_requirement_never_below_engine_or_per_asset	M	/Users/khubair/percolator-ops/kani-work/percolator-prog/kani/growth	devnet	-	proofs::kani_growth_t1_requirement_never_below_engine_or_per_asset	--features devnet -Z function-contracts -Z stubbing
percolator-prog_kani_growth:kani_growth_w_g3_dyn_imr_not_below_base	L	/Users/khubair/percolator-ops/kani-work/percolator-prog/kani/growth	devnet	-	proofs::kani_growth_w_g3_dyn_imr_not_below_base	--features devnet -Z function-contracts -Z stubbing
percolator-prog_kani_growth:kani_growth_w_g2_required_imr_not_below_engine	L	/Users/khubair/percolator-ops/kani-work/percolator-prog/kani/growth	devnet	-	proofs::kani_growth_w_g2_required_imr_not_below_engine	--features devnet -Z function-contracts -Z stubbing
percolator-prog_kani_growth:kani_growth_l1_ceil_monotone_in_b	L	/Users/khubair/percolator-ops/kani-work/percolator-prog/kani/growth	devnet	-	proofs::kani_growth_l1_ceil_monotone_in_b	--features devnet -Z function-contracts -Z stubbing
percolator-prog_kani_growth:kani_growth_l2_ceil_monotone_in_a	L	/Users/khubair/percolator-ops/kani-work/percolator-prog/kani/growth	devnet	-	proofs::kani_growth_l2_ceil_monotone_in_a	--features devnet -Z function-contracts -Z stubbing
percolator-prog_kani_growth:kani_growth_l3_ceil_antitone_in_d	L	/Users/khubair/percolator-ops/kani-work/percolator-prog/kani/growth	devnet	-	proofs::kani_growth_l3_ceil_antitone_in_d	--features devnet -Z function-contracts -Z stubbing
percolator-prog_kani_growth:kani_growth_l4_floor_monotone_in_a	L	/Users/khubair/percolator-ops/kani-work/percolator-prog/kani/growth	devnet	-	proofs::kani_growth_l4_floor_monotone_in_a	--features devnet -Z function-contracts -Z stubbing
percolator-prog_kani_growth:kani_growth_t2_dyn_shape_in_lp	L	/Users/khubair/percolator-ops/kani-work/percolator-prog/kani/growth	devnet	percolator-prog_kani_growth:kani_growth_c_mul_div_ceil	proofs::kani_growth_t2_dyn_shape_in_lp	--features devnet -Z function-contracts -Z stubbing
percolator-prog_kani_growth:kani_growth_t2_dyn_shape_in_ncap	L	/Users/khubair/percolator-ops/kani-work/percolator-prog/kani/growth	devnet	percolator-prog_kani_growth:kani_growth_c_mul_div_ceil	proofs::kani_growth_t2_dyn_shape_in_ncap	--features devnet -Z function-contracts -Z stubbing
percolator-prog_kani_growth:kani_growth_t2_required_shape_engine_domain	L	/Users/khubair/percolator-ops/kani-work/percolator-prog/kani/growth	devnet	percolator-prog_kani_growth:kani_growth_c_mul_div_floor	proofs::kani_growth_t2_required_shape_engine_domain	--features devnet -Z function-contracts -Z stubbing
percolator-prog_kani_growth:kani_growth_t3_reductions_always_pass	S	/Users/khubair/percolator-ops/kani-work/percolator-prog/kani/growth	devnet	percolator-prog_kani_growth:kani_growth_c_mul_div_ceil	proofs::kani_growth_t3_reductions_always_pass	--features devnet -Z function-contracts -Z stubbing
percolator-prog_kani_growth:kani_growth_t3_thin_side_gets_only_the_ceiling	S	/Users/khubair/percolator-ops/kani-work/percolator-prog/kani/growth	devnet	percolator-prog_kani_growth:kani_growth_c_mul_div_ceil	proofs::kani_growth_t3_thin_side_gets_only_the_ceiling	--features devnet -Z function-contracts -Z stubbing
percolator-prog_kani_growth:kani_growth_t3_flip_is_risk_increasing	S	/Users/khubair/percolator-ops/kani-work/percolator-prog/kani/growth	devnet	-	proofs::kani_growth_t3_flip_is_risk_increasing	--features devnet -Z function-contracts -Z stubbing
percolator-prog_kani_growth:kani_growth_t4_zero_price_fails_closed	S	/Users/khubair/percolator-ops/kani-work/percolator-prog/kani/growth	devnet	percolator-prog_kani_growth:kani_growth_c_mul_div_ceil	proofs::kani_growth_t4_zero_price_fails_closed	--features devnet -Z function-contracts -Z stubbing
percolator-prog_kani_growth:kani_growth_t4_overflow_fails_closed	L	/Users/khubair/percolator-ops/kani-work/percolator-prog/kani/growth	devnet	percolator-prog_kani_growth:kani_growth_c_mul_div_ceil	proofs::kani_growth_t4_overflow_fails_closed	--features devnet -Z function-contracts -Z stubbing
percolator-prog_kani_growth:kani_growth_t5_capacity_invariant	S	/Users/khubair/percolator-ops/kani-work/percolator-prog/kani/growth	devnet	percolator-prog_kani_growth:kani_growth_c_mul_div_ceil	proofs::kani_growth_t5_capacity_invariant	--features devnet -Z function-contracts -Z stubbing
percolator-prog_kani_growth:kani_growth_t5_at_capacity_costs_full_margin	L	/Users/khubair/percolator-ops/kani-work/percolator-prog/kani/growth	devnet	-	proofs::kani_growth_t5_at_capacity_costs_full_margin	--features devnet -Z function-contracts -Z stubbing
percolator-prog_kani_growth:kani_growth_t6_ceiling_bounded_and_monotone	S	/Users/khubair/percolator-ops/kani-work/percolator-prog/kani/growth	devnet	-	proofs::kani_growth_t6_ceiling_bounded_and_monotone	--features devnet -Z function-contracts -Z stubbing
percolator-prog_kani_growth:kani_growth_t6_ratchet_single_step	S	/Users/khubair/percolator-ops/kani-work/percolator-prog/kani/growth	devnet	-	proofs::kani_growth_t6_ratchet_single_step	--features devnet -Z function-contracts -Z stubbing
percolator-prog_kani_growth:kani_growth_t7_init_margin_rule_exact	S	/Users/khubair/percolator-ops/kani-work/percolator-prog/kani/growth	devnet	-	proofs::kani_growth_t7_init_margin_rule_exact	--features devnet -Z function-contracts -Z stubbing
percolator-prog_kani_growth:kani_growth_t7_rule_implies_gap_solvency	L	/Users/khubair/percolator-ops/kani-work/percolator-prog/kani/growth	devnet	-	proofs::kani_growth_t7_rule_implies_gap_solvency	--features devnet -Z function-contracts -Z stubbing
percolator-prog_kani_growth:kani_growth_r9_r_gap_floor	S	/Users/khubair/percolator-ops/kani-work/percolator-prog/kani/growth	devnet	-	proofs::kani_growth_r9_r_gap_floor	--features devnet -Z function-contracts -Z stubbing
percolator-prog_kani_growth:kani_growth_h2_reducing_always_allowed	S	/Users/khubair/percolator-ops/kani-work/percolator-prog/kani/growth	devnet	-	proofs::kani_growth_h2_reducing_always_allowed	--features devnet -Z function-contracts -Z stubbing
percolator-prog_kani_growth:kani_growth_h2_admit_iff_within_ncap	M	/Users/khubair/percolator-ops/kani-work/percolator-prog/kani/growth	devnet	-	proofs::kani_growth_h2_admit_iff_within_ncap	--features devnet -Z function-contracts -Z stubbing
percolator-prog_kani_growth:kani_growth_sides_never_skip_a_non_lp_taker	S	/Users/khubair/percolator-ops/kani-work/percolator-prog/kani/growth	devnet	-	proofs::kani_growth_sides_never_skip_a_non_lp_taker	--features devnet -Z function-contracts -Z stubbing
percolator-prog_kani_growth:kani_growth_dials_tighten_only	S	/Users/khubair/percolator-ops/kani-work/percolator-prog/kani/growth	devnet	-	proofs::kani_growth_dials_tighten_only	--features devnet -Z function-contracts -Z stubbing
percolator-prog_kani_growth:kani_growth_r1_close_is_never_capacity_clipped	S	/Users/khubair/percolator-ops/kani-work/percolator-prog/kani/growth	devnet	percolator-prog_kani_growth:kani_growth_c_mul_div_ceil	proofs::kani_growth_r1_close_is_never_capacity_clipped	--features devnet -Z function-contracts -Z stubbing
percolator-prog_kani_growth:kani_growth_lp_mid_identity	S	/Users/khubair/percolator-ops/kani-work/percolator-prog/kani/growth	devnet	-	proofs::kani_growth_lp_mid_identity	--features devnet -Z function-contracts -Z stubbing
percolator-prog_kani_growth:kani_growth_r2_r12_every_open_faces_the_bound_vault_lp	S	/Users/khubair/percolator-ops/kani-work/percolator-prog/kani/growth	devnet	percolator-prog_kani_growth:kani_growth_c_mul_div_ceil	proofs::kani_growth_r2_r12_every_open_faces_the_bound_vault_lp	--features devnet -Z function-contracts -Z stubbing
percolator-prog_kani_growth:kani_growth_r5_eng_leg_le_engine_leg	M	/Users/khubair/percolator-ops/kani-work/percolator-prog/kani/growth	devnet	-	proofs::kani_growth_r5_eng_leg_le_engine_leg	--features devnet -Z function-contracts -Z stubbing
percolator-prog_kani_growth:kani_growth_r8_caps_view_agrees_with_gate	S	/Users/khubair/percolator-ops/kani-work/percolator-prog/kani/growth	devnet	-	proofs::kani_growth_r8_caps_view_agrees_with_gate	--features devnet -Z function-contracts -Z stubbing
percolator-prog_kani_growth:kani_growth_r11_capacity_invariant_inductive	S	/Users/khubair/percolator-ops/kani-work/percolator-prog/kani/growth	devnet	percolator-prog_kani_growth:kani_growth_c_mul_div_ceil	proofs::kani_growth_r11_capacity_invariant_inductive	--features devnet -Z function-contracts -Z stubbing
percolator-prog_kani_growth:kani_growth_r11b_ungated_transitions	S	/Users/khubair/percolator-ops/kani-work/percolator-prog/kani/growth	devnet	percolator-prog_kani_growth:kani_growth_c_mul_div_ceil	proofs::kani_growth_r11b_ungated_transitions	--features devnet -Z function-contracts -Z stubbing
percolator-prog_kani_growth:kani_growth_r13_reduce_class_effective	S	/Users/khubair/percolator-ops/kani-work/percolator-prog/kani/growth	devnet	-	proofs::kani_growth_r13_reduce_class_effective	--features devnet -Z function-contracts -Z stubbing
percolator-prog_kani_growth:kani_growth_r15ab_util_fee_shape_and_monotone	L	/Users/khubair/percolator-ops/kani-work/percolator-prog/kani/growth	devnet	percolator-prog_kani_growth:kani_growth_c_mul_div_ceil	proofs::kani_growth_r15ab_util_fee_shape_and_monotone	--features devnet -Z function-contracts -Z stubbing
percolator-prog_kani_growth:kani_growth_r15b_util_fee_monotone_in_max	L	/Users/khubair/percolator-ops/kani-work/percolator-prog/kani/growth	devnet	percolator-prog_kani_growth:kani_growth_c_mul_div_ceil	proofs::kani_growth_r15b_util_fee_monotone_in_max	--features devnet -Z function-contracts -Z stubbing
percolator-prog_kani_growth:kani_growth_r15c_closes_never_pay	L	/Users/khubair/percolator-ops/kani-work/percolator-prog/kani/growth	devnet	percolator-prog_kani_growth:kani_growth_c_util_fee_on_fill_bps	proofs::kani_growth_r15c_closes_never_pay	--features devnet -Z function-contracts -Z stubbing
percolator-prog_kani_growth:kani_growth_r15e_trading_cap_rule	S	/Users/khubair/percolator-ops/kani-work/percolator-prog/kani/growth	devnet	-	proofs::kani_growth_r15e_trading_cap_rule	--features devnet -Z function-contracts -Z stubbing
percolator-prog_kani_growth:kani_growth_clip_iff_gate	S	/Users/khubair/percolator-ops/kani-work/percolator-prog/kani/growth	devnet	-	proofs::kani_growth_clip_iff_gate	--features devnet -Z function-contracts -Z stubbing
percolator-prog_kani_p3:kani_p3_waterfall_conservation_and_junior_first	S	/Users/khubair/percolator-ops/kani-work/percolator-prog/kani/p3	devnet	-	proofs::kani_p3_waterfall_conservation_and_junior_first	--features devnet -Z function-contracts -Z stubbing
percolator-prog_kani_p3:kani_p3_deposit_no_dilution	S	/Users/khubair/percolator-ops/kani-work/percolator-prog/kani/p3	devnet	-	proofs::kani_p3_deposit_no_dilution	--features devnet -Z function-contracts -Z stubbing
percolator-prog_kani_p3:kani_p3_redemption_no_dilution	S	/Users/khubair/percolator-ops/kani-work/percolator-prog/kani/p3	devnet	-	proofs::kani_p3_redemption_no_dilution	--features devnet -Z function-contracts -Z stubbing
percolator-prog_kani_p3:kani_p3_redemption_rejects_bad_inputs	S	/Users/khubair/percolator-ops/kani-work/percolator-prog/kani/p3	devnet	-	proofs::kani_p3_redemption_rejects_bad_inputs	--features devnet -Z function-contracts -Z stubbing
percolator-prog_kani_p3:kani_p3_fee_split_and_bps_exact	S	/Users/khubair/percolator-ops/kani-work/percolator-prog/kani/p3	devnet	-	proofs::kani_p3_fee_split_and_bps_exact	--features devnet -Z function-contracts -Z stubbing
percolator-prog_kani_p3:kani_p3_effective_senior_claim	S	/Users/khubair/percolator-ops/kani-work/percolator-prog/kani/p3	devnet	-	proofs::kani_p3_effective_senior_claim	--features devnet -Z function-contracts -Z stubbing
percolator-prog_kani_p3:kani_p3_junior_withdraw_keeps_floor_and_senior_backing	S	/Users/khubair/percolator-ops/kani-work/percolator-prog/kani/p3	devnet	-	proofs::kani_p3_junior_withdraw_keeps_floor_and_senior_backing	--features devnet -Z function-contracts -Z stubbing
percolator-prog_kani_p3:kani_p3_recall_limit_exact	S	/Users/khubair/percolator-ops/kani-work/percolator-prog/kani/p3	devnet	-	proofs::kani_p3_recall_limit_exact	--features devnet -Z function-contracts -Z stubbing
percolator-prog_kani_p3:kani_p3_skew_sign_bound_zero	S	/Users/khubair/percolator-ops/kani-work/percolator-prog/kani/p3	devnet	-	proofs::kani_p3_skew_sign_bound_zero	--features devnet -Z function-contracts -Z stubbing
percolator-prog_kani_p3:kani_p3_skew_monotone_in_imbalance	S	/Users/khubair/percolator-ops/kani-work/percolator-prog/kani/p3	devnet	-	proofs::kani_p3_skew_monotone_in_imbalance	--features devnet -Z function-contracts -Z stubbing
percolator-prog_kani_p3:kani_p3_combine_within_engine_bound	S	/Users/khubair/percolator-ops/kani-work/percolator-prog/kani/p3	devnet	-	proofs::kani_p3_combine_within_engine_bound	--features devnet -Z function-contracts -Z stubbing
percolator-prog_kani_p3:kani_p3_step_imr_bounds_and_monotone	S	/Users/khubair/percolator-ops/kani-work/percolator-prog/kani/p3	devnet	-	proofs::kani_p3_step_imr_bounds_and_monotone	--features devnet -Z function-contracts -Z stubbing
percolator-prog_kani_p3:kani_p3_leverage_gate_exact	S	/Users/khubair/percolator-ops/kani-work/percolator-prog/kani/p3	devnet	-	proofs::kani_p3_leverage_gate_exact	--features devnet -Z function-contracts -Z stubbing
percolator-prog_kani_p3:kani_p3_conservative_equity	S	/Users/khubair/percolator-ops/kani-work/percolator-prog/kani/p3	devnet	-	proofs::kani_p3_conservative_equity	--features devnet -Z function-contracts -Z stubbing
percolator-prog_kani_p3:kani_p3_h2_exposure_cap_exact_and_reducing_always_allowed	S	/Users/khubair/percolator-ops/kani-work/percolator-prog/kani/p3	devnet	-	proofs::kani_p3_h2_exposure_cap_exact_and_reducing_always_allowed	--features devnet -Z function-contracts -Z stubbing
percolator-prog_kani_p3:kani_p3_h1_resolved_split_conserves_and_is_senior_first	S	/Users/khubair/percolator-ops/kani-work/percolator-prog/kani/p3	devnet	-	proofs::kani_p3_h1_resolved_split_conserves_and_is_senior_first	--features devnet -Z function-contracts -Z stubbing
percolator-prog_kani_p3:kani_p3_autopin_caps_finite_nonzero_bounded	S	/Users/khubair/percolator-ops/kani-work/percolator-prog/kani/p3	devnet	-	proofs::kani_p3_autopin_caps_finite_nonzero_bounded	--features devnet -Z function-contracts -Z stubbing
percolator-prog_kani_p3:kani_p3_terminal_split_conserves_senior_first_order_independent	S	/Users/khubair/percolator-ops/kani-work/percolator-prog/kani/p3	devnet	-	proofs::kani_p3_terminal_split_conserves_senior_first_order_independent	--features devnet -Z function-contracts -Z stubbing
percolator-prog_kani_p3-engine:kani_p3e_skew_funding_conserves_through_engine_kernel	S	/Users/khubair/percolator-ops/kani-work/percolator-prog/kani/p3-engine	devnet	-	proofs::kani_p3e_skew_funding_conserves_through_engine_kernel	--features devnet -Z function-contracts -Z stubbing
percolator-prog_kani_p3-engine:kani_p3e_skew_funding_conserves_grid_a	S	/Users/khubair/percolator-ops/kani-work/percolator-prog/kani/p3-engine	devnet	-	proofs::kani_p3e_skew_funding_conserves_grid_a	--features devnet -Z function-contracts -Z stubbing
percolator-prog_kani_p3-engine:kani_p3e_skew_funding_conserves_fixed_asym_a	S	/Users/khubair/percolator-ops/kani-work/percolator-prog/kani/p3-engine	devnet	-	proofs::kani_p3e_skew_funding_conserves_fixed_asym_a	--features devnet -Z function-contracts -Z stubbing
percolator-prog_kani_p3-engine:kani_p3e_skew_funding_conserves_const_divisor	S	/Users/khubair/percolator-ops/kani-work/percolator-prog/kani/p3-engine	devnet	-	proofs::kani_p3e_skew_funding_conserves_const_divisor	--features devnet -Z function-contracts -Z stubbing
percolator-stake:proof_deposit_withdraw_no_inflation	L	/Users/khubair/percolator-ops/kani-work/percolator-stake	none	-	proof_deposit_withdraw_no_inflation	--tests
percolator-stake:proof_first_depositor_exact	L	/Users/khubair/percolator-ops/kani-work/percolator-stake	none	-	proof_first_depositor_exact	--tests
percolator-stake:proof_two_depositors_conservation	L	/Users/khubair/percolator-ops/kani-work/percolator-stake	none	-	proof_two_depositors_conservation	--tests
percolator-stake:proof_lp_deposit_no_panic	S	/Users/khubair/percolator-ops/kani-work/percolator-stake	none	-	proof_lp_deposit_no_panic	--tests
percolator-stake:proof_collateral_withdraw_no_panic	S	/Users/khubair/percolator-ops/kani-work/percolator-stake	none	-	proof_collateral_withdraw_no_panic	--tests
percolator-stake:proof_pool_value_no_panic	S	/Users/khubair/percolator-ops/kani-work/percolator-stake	none	-	proof_pool_value_no_panic	--tests
percolator-stake:proof_equal_deposits_equal_lp	L	/Users/khubair/percolator-ops/kani-work/percolator-stake	none	-	proof_equal_deposits_equal_lp	--tests
percolator-stake:proof_larger_deposit_more_lp	S	/Users/khubair/percolator-ops/kani-work/percolator-stake	none	-	proof_larger_deposit_more_lp	--tests
percolator-stake:proof_larger_burn_more_collateral	S	/Users/khubair/percolator-ops/kani-work/percolator-stake	none	-	proof_larger_burn_more_collateral	--tests
percolator-stake:proof_full_burn_bounded	S	/Users/khubair/percolator-ops/kani-work/percolator-stake	none	-	proof_full_burn_bounded	--tests
percolator-stake:proof_partial_burn_less_than_full	S	/Users/khubair/percolator-ops/kani-work/percolator-stake	none	-	proof_partial_burn_less_than_full	--tests
percolator-stake:proof_pool_value_none_iff_overdrawn	S	/Users/khubair/percolator-ops/kani-work/percolator-stake	none	-	proof_pool_value_none_iff_overdrawn	--tests
percolator-stake:proof_deposit_increases_value	S	/Users/khubair/percolator-ops/kani-work/percolator-stake	none	-	proof_deposit_increases_value	--tests
percolator-stake:proof_lp_rounds_down	S	/Users/khubair/percolator-ops/kani-work/percolator-stake	none	-	proof_lp_rounds_down	--tests
percolator-stake:proof_withdrawal_rounds_down	S	/Users/khubair/percolator-ops/kani-work/percolator-stake	none	-	proof_withdrawal_rounds_down	--tests
percolator-stake:proof_senior_never_loses_while_junior_positive	S	/Users/khubair/percolator-ops/kani-work/percolator-stake	none	-	proof_senior_never_loses_while_junior_positive	--tests
percolator-stake:proof_loss_distribution_conservative	S	/Users/khubair/percolator-ops/kani-work/percolator-stake	none	-	proof_loss_distribution_conservative	--tests
percolator-stake:proof_fee_distribution_conservative	S	/Users/khubair/percolator-ops/kani-work/percolator-stake	none	-	proof_fee_distribution_conservative	--tests
percolator-stake:proof_withdrawal_blocked_below_hwm_floor	S	/Users/khubair/percolator-ops/kani-work/percolator-stake	none	-	proof_withdrawal_blocked_below_hwm_floor	--tests
percolator-stake:proof_hwm_floor_monotonic_in_tvl	S	/Users/khubair/percolator-ops/kani-work/percolator-stake	none	-	proof_hwm_floor_monotonic_in_tvl	--tests
percolator-stake:proof_hwm_floor_bounded_by_tvl	S	/Users/khubair/percolator-ops/kani-work/percolator-stake	none	-	proof_hwm_floor_bounded_by_tvl	--tests
percolator-stake:proof_hwm_enable_does_not_set_market_resolved	S	/Users/khubair/percolator-ops/kani-work/percolator-stake	none	-	proof_hwm_enable_does_not_set_market_resolved	--tests
percolator-stake:proof_market_resolve_does_not_enable_hwm	S	/Users/khubair/percolator-ops/kani-work/percolator-stake	none	-	proof_market_resolve_does_not_enable_hwm	--tests
percolator-stake:proof_hwm_market_resolved_orthogonal	S	/Users/khubair/percolator-ops/kani-work/percolator-stake	none	-	proof_hwm_market_resolved_orthogonal	--tests
percolator-stake:proof_hwm_does_not_clobber_tranche	S	/Users/khubair/percolator-ops/kani-work/percolator-stake	none	-	proof_hwm_does_not_clobber_tranche	--tests
percolator-stake:proof_distribute_fees_no_panic_full_range	S	/Users/khubair/percolator-ops/kani-work/percolator-stake	none	-	proof_distribute_fees_no_panic_full_range	--tests
percolator-stake:proof_distribute_fees_conservative_full_range	S	/Users/khubair/percolator-ops/kani-work/percolator-stake	none	-	proof_distribute_fees_conservative_full_range	--tests
percolator-stake:proof_distribute_fees_extreme_inputs	S	/Users/khubair/percolator-ops/kani-work/percolator-stake	none	-	proof_distribute_fees_extreme_inputs	--tests
percolator-stake:kani_timelock_window_elapsed_matches_spec	S	/Users/khubair/percolator-ops/kani-work/percolator-stake	none	-	kani_timelock_window_elapsed_matches_spec	--tests
percolator-stake:kani_290_mode0_attribution_bounded_by_wrapper_payouts	S	/Users/khubair/percolator-ops/kani-work/percolator-stake	none	-	kani_290_mode0_attribution_bounded_by_wrapper_payouts	--tests
percolator-stake:kani_f3_accrual_requires_real_lp_above_dead_shares	S	/Users/khubair/percolator-ops/kani-work/percolator-stake	none	-	kani_f3_accrual_requires_real_lp_above_dead_shares	--tests
percolator-stake:kani_f9_terminal_split_conserves_surplus	S	/Users/khubair/percolator-ops/kani-work/percolator-stake	none	-	kani_f9_terminal_split_conserves_surplus	--tests
percolator-stake:kani_f9_cpi_delta_is_exact	S	/Users/khubair/percolator-ops/kani-work/percolator-stake	none	-	kani_f9_cpi_delta_is_exact	--tests
percolator-stake:kani_f9_pool_receives_exactly_what_wrapper_releases	S	/Users/khubair/percolator-ops/kani-work/percolator-stake	none	-	kani_f9_pool_receives_exactly_what_wrapper_releases	--tests
percolator-stake:st1_sync_plan_bounded_by_target_and_buffer	M	/Users/khubair/percolator-ops/kani-work/percolator-stake	none	-	st1_sync_plan_bounded_by_target_and_buffer	--tests
percolator-stake:st2_deployed_value_pro_rata	M	/Users/khubair/percolator-ops/kani-work/percolator-stake	none	-	st2_deployed_value_pro_rata	--tests
percolator-stake:st4_liquid_withdrawal_and_v5_value	S	/Users/khubair/percolator-ops/kani-work/percolator-stake	none	-	st4_liquid_withdrawal_and_v5_value	--tests
percolator-stake:port_no_dilution	M	/Users/khubair/percolator-ops/kani-work/percolator-stake	none	-	port_no_dilution	--tests
percolator-stake:port_lp_deposit_overflow_guard	S	/Users/khubair/percolator-ops/kani-work/percolator-stake	none	-	port_lp_deposit_overflow_guard	--tests
percolator-stake:port_overflow_guard_fires_concrete	S	/Users/khubair/percolator-ops/kani-work/percolator-stake	none	-	port_overflow_guard_fires_concrete	--tests
percolator-stake:port_zero_deposit_zero_lp	S	/Users/khubair/percolator-ops/kani-work/percolator-stake	none	-	port_zero_deposit_zero_lp	--tests
percolator-stake:port_zero_burn_zero_col	S	/Users/khubair/percolator-ops/kani-work/percolator-stake	none	-	port_zero_burn_zero_col	--tests
percolator-stake:port_c9_orphaned_value_blocked	S	/Users/khubair/percolator-ops/kani-work/percolator-stake	none	-	port_c9_orphaned_value_blocked	--tests
percolator-stake:port_c9_valueless_lp_blocked	S	/Users/khubair/percolator-ops/kani-work/percolator-stake	none	-	port_c9_valueless_lp_blocked	--tests
percolator-stake:port_c9_true_first_depositor	S	/Users/khubair/percolator-ops/kani-work/percolator-stake	none	-	port_c9_true_first_depositor	--tests
percolator-stake:port_roundtrip_under_pool_value_change	M	/Users/khubair/percolator-ops/kani-work/percolator-stake	none	-	port_roundtrip_under_pool_value_change	--tests
percolator-stake:port_no_inflation_attack	M	/Users/khubair/percolator-ops/kani-work/percolator-stake	none	-	port_no_inflation_attack	--tests
percolator-stake:port_determinism_across_states	S	/Users/khubair/percolator-ops/kani-work/percolator-stake	none	-	port_determinism_across_states	--tests
percolator-stake:port_deposit_withdraw_no_inflation_inductive	M	/Users/khubair/percolator-ops/kani-work/percolator-stake	none	-	port_deposit_withdraw_no_inflation_inductive	--tests
percolator-stake:port_two_depositors_conservation_inductive	L	/Users/khubair/percolator-ops/kani-work/percolator-stake	none	-	port_two_depositors_conservation_inductive	--tests
percolator-stake:port_distribute_fees_no_senior_all_to_junior	M	/Users/khubair/percolator-ops/kani-work/percolator-stake	none	-	port_distribute_fees_no_senior_all_to_junior	--tests
percolator-stake:port_subpool_deposit_orphan_blocked	S	/Users/khubair/percolator-ops/kani-work/percolator-stake	none	-	port_subpool_deposit_orphan_blocked	--tests
percolator-stake:port_subpool_first_deposit_one_to_one	S	/Users/khubair/percolator-ops/kani-work/percolator-stake	none	-	port_subpool_first_deposit_one_to_one	--tests
percolator-stake:port_subpool_deposit_withdraw_no_profit	M	/Users/khubair/percolator-ops/kani-work/percolator-stake	none	-	port_subpool_deposit_withdraw_no_profit	--tests
percolator-stake:port_senior_balance_never_underflows	M	/Users/khubair/percolator-ops/kani-work/percolator-stake	none	-	port_senior_balance_never_underflows	--tests
percolator-stake:port_tranche_decomposition	M	/Users/khubair/percolator-ops/kani-work/percolator-stake	none	-	port_tranche_decomposition	--tests
percolator-stake:port_169_mode1_no_false_underflow_brick	S	/Users/khubair/percolator-ops/kani-work/percolator-stake	none	-	port_169_mode1_no_false_underflow_brick	--tests
percolator-stake:port_161_recovery_never_windfalls_protected_senior	M	/Users/khubair/percolator-ops/kani-work/percolator-stake	none	-	port_161_recovery_never_windfalls_protected_senior	--tests
percolator-stake:st5_last_junior_full_burn_pays_exactly_ejb	M	/Users/khubair/percolator-ops/kani-work/percolator-stake	none	-	st5_last_junior_full_burn_pays_exactly_ejb	--tests
percolator-stake:port_flush_preserves_value	S	/Users/khubair/percolator-ops/kani-work/percolator-stake	none	-	port_flush_preserves_value	--tests
percolator-stake:port_flush_reduces_value_exactly	S	/Users/khubair/percolator-ops/kani-work/percolator-stake	none	-	port_flush_reduces_value_exactly	--tests
percolator-stake:port_returns_increase_value	S	/Users/khubair/percolator-ops/kani-work/percolator-stake	none	-	port_returns_increase_value	--tests
percolator-stake:port_pool_value_with_flush_no_panic	S	/Users/khubair/percolator-ops/kani-work/percolator-stake	none	-	port_pool_value_with_flush_no_panic	--tests
percolator-stake:port_flush_return_conservation	S	/Users/khubair/percolator-ops/kani-work/percolator-stake	none	-	port_flush_return_conservation	--tests
percolator-stake:port_flush_full_return_conservation	S	/Users/khubair/percolator-ops/kani-work/percolator-stake	none	-	port_flush_full_return_conservation	--tests
percolator-stake:port_flush_conservation_lp_value	M	/Users/khubair/percolator-ops/kani-work/percolator-stake	none	-	port_flush_conservation_lp_value	--tests
percolator-stake:kani_v22_st6a_minimum_liquidity_lock	S	/Users/khubair/percolator-ops/kani-work/percolator-stake	none	-	processor::kani_v22_new1::kani_v22_st6a_minimum_liquidity_lock	--lib
percolator-stake:kani_v22_st6b_tranche_floor_never_decreases	M	/Users/khubair/percolator-ops/kani-work/percolator-stake	none	-	processor::kani_v22_new1::kani_v22_st6b_tranche_floor_never_decreases	--lib
percolator-stake_kani_v5-units:st3_topup_units_match_wrapper	M	/Users/khubair/percolator-ops/kani-work/percolator-stake/kani/v5-units	devnet	-	proofs::st3_topup_units_match_wrapper	--features devnet -Z function-contracts -Z stubbing
percolator-stake_kani_v5-units:st3_recover_burn_matches_wrapper	M	/Users/khubair/percolator-ops/kani-work/percolator-stake/kani/v5-units	devnet	-	proofs::st3_recover_burn_matches_wrapper	--features devnet -Z function-contracts -Z stubbing
percolator-match:proof_adaptive_fee_bounded	S	/Users/khubair/percolator-ops/kani-work/percolator-match	none	-	v2::proofs::proof_adaptive_fee_bounded	-Z function-contracts -Z stubbing
percolator-match:proof_adaptive_fee_monotone_in_vol	S	/Users/khubair/percolator-ops/kani-work/percolator-match	none	-	v2::proofs::proof_adaptive_fee_monotone_in_vol	-Z function-contracts -Z stubbing
percolator-match:proof_isqrt_exact	S	/Users/khubair/percolator-ops/kani-work/percolator-match	none	-	v2::proofs::proof_isqrt_exact	-Z function-contracts -Z stubbing
percolator-match:proof_cp_impact_monotone_and_budget_sound	S	/Users/khubair/percolator-ops/kani-work/percolator-match	none	-	v2::proofs::proof_cp_impact_monotone_and_budget_sound	-Z function-contracts -Z stubbing
percolator-match:proof_skew_monotone_in_size	S	/Users/khubair/percolator-ops/kani-work/percolator-match	none	-	v2::proofs::proof_skew_monotone_in_size	-Z function-contracts -Z stubbing
percolator-match:proof_skew_monotone_in_skew	S	/Users/khubair/percolator-ops/kani-work/percolator-match	none	-	v2::proofs::proof_skew_monotone_in_skew	-Z function-contracts -Z stubbing
percolator-match:proof_skew_round_trip_non_negative	S	/Users/khubair/percolator-ops/kani-work/percolator-match	none	-	v2::proofs::proof_skew_round_trip_non_negative	-Z function-contracts -Z stubbing
percolator-match:proof_skew_split_never_cheaper	S	/Users/khubair/percolator-ops/kani-work/percolator-match	none	-	v2::proofs::proof_skew_split_never_cheaper	-Z function-contracts -Z stubbing
percolator-match:proof_quote_never_crosses_oracle	S	/Users/khubair/percolator-ops/kani-work/percolator-match	none	-	v2::proofs::proof_quote_never_crosses_oracle	-Z function-contracts -Z stubbing
percolator-match:proof_quote_fill_monotone_in_request	S	/Users/khubair/percolator-ops/kani-work/percolator-match	none	-	v2::proofs::proof_quote_fill_monotone_in_request	-Z function-contracts -Z stubbing
percolator-match:proof_stale_mark_never_fresh	S	/Users/khubair/percolator-ops/kani-work/percolator-match	none	-	v2::proofs::proof_stale_mark_never_fresh	-Z function-contracts -Z stubbing
percolator-match:proof_observed_stale	S	/Users/khubair/percolator-ops/kani-work/percolator-match	none	-	v2::proofs::proof_observed_stale	-Z function-contracts -Z stubbing
percolator-match:proof_impact_bps_no_overflow	S	/Users/khubair/percolator-ops/kani-work/percolator-match	none	-	vamm::proofs::proof_impact_bps_no_overflow	-Z function-contracts -Z stubbing
percolator-match:proof_inventory_limit_enforced	S	/Users/khubair/percolator-ops/kani-work/percolator-match	none	-	vamm::proofs::proof_inventory_limit_enforced	-Z function-contracts -Z stubbing
percolator-match:proof_insurance_fee_bounded_by_trading_fee	S	/Users/khubair/percolator-ops/kani-work/percolator-match	none	-	vamm::proofs::proof_insurance_fee_bounded_by_trading_fee	-Z function-contracts -Z stubbing
percolator-match:proof_vamm_buy_price_above_oracle	S	/Users/khubair/percolator-ops/kani-work/percolator-match	none	-	vamm::proofs::proof_vamm_buy_price_above_oracle	-Z function-contracts -Z stubbing
percolator-match:proof_vamm_sell_price_below_oracle	S	/Users/khubair/percolator-ops/kani-work/percolator-match	none	-	vamm::proofs::proof_vamm_sell_price_below_oracle	-Z function-contracts -Z stubbing
percolator-match:proof_inventory_limit_reduces_fill	S	/Users/khubair/percolator-ops/kani-work/percolator-match	none	-	vamm::proofs::proof_inventory_limit_reduces_fill	-Z function-contracts -Z stubbing
percolator-match:proof_impact_monotonically_increases_with_fill_size	S	/Users/khubair/percolator-ops/kani-work/percolator-match	none	-	vamm::proofs::proof_impact_monotonically_increases_with_fill_size	-Z function-contracts -Z stubbing
percolator-match:proof_skew_spread_capped_at_5000	S	/Users/khubair/percolator-ops/kani-work/percolator-match	none	-	vamm::proofs::proof_skew_spread_capped_at_5000	-Z function-contracts -Z stubbing
percolator-match:proof_passive_spread_never_negative	S	/Users/khubair/percolator-ops/kani-work/percolator-match	none	-	vamm::proofs::proof_passive_spread_never_negative	-Z function-contracts -Z stubbing
percolator-match:proof_total_bps_capped_by_max	S	/Users/khubair/percolator-ops/kani-work/percolator-match	none	-	vamm::proofs::proof_total_bps_capped_by_max	-Z function-contracts -Z stubbing
percolator-match:k_ceiling_div_buy_never_under_mid	S	/Users/khubair/percolator-ops/kani-work/percolator-match	none	-	vamm::proofs::k_ceiling_div_buy_never_under_mid	-Z function-contracts -Z stubbing
percolator-match:k_validate_rejects_u128_above_i128_max	S	/Users/khubair/percolator-ops/kani-work/percolator-match	none	-	vamm::proofs::k_validate_rejects_u128_above_i128_max	-Z function-contracts -Z stubbing
